County,Year,Population
Anderson,1850,"2,684"
Anderson,1970,"27,789"
Anderson,1900,"28,015"
Anderson,1880,"17,395"
Anderson,1990,"48,024"
Anderson,1960,"28,162"
Anderson,1910,"29,650"
Anderson,1870,"9,229"
Anderson,1980,"38,381"
Anderson,2000,"55,109"
Anderson,1950,"31,875"
Anderson,1920,"34,318"
Anderson,1860,"10,398"
Anderson,2010,"58,458"
Anderson,1940,"37,092"
Anderson,1930,"34,643"
Anderson,1890,"20,923"
Andrews,1970,"10,372"
Andrews,1930,736
Andrews,1990,"14,338"
Andrews,1890,24
Andrews,1860,
Andrews,1940,"1,277"
Andrews,1880,
Andrews,1910,975
Andrews,1870,
Andrews,2000,"13,004"
Andrews,1920,350
Andrews,1960,"13,450"
Andrews,1900,87
Andrews,1850,
Andrews,1980,"13,323"
Andrews,1950,"5,002"
Andrews,2010,"14,786"
Angelina,1870,"3,985"
Angelina,1880,"5,239"
Angelina,2000,"80,130"
Angelina,1900,"13,481"
Angelina,1940,"32,201"
Angelina,1850,"1,165"
Angelina,1910,"17,705"
Angelina,1970,"49,349"
Angelina,2010,"86,771"
Angelina,1890,"6,306"
Angelina,1860,"4,271"
Angelina,1980,"64,172"
Angelina,1960,"39,814"
Angelina,1990,"69,884"
Angelina,1920,"22,287"
Angelina,1930,"27,803"
Angelina,1950,"36,032"
Aransas,2010,"23,158"
Aransas,1970,"8,902"
Aransas,1980,"14,260"
Aransas,1920,"2,064"
Aransas,1880,966
Aransas,1900,"1,716"
Aransas,1870,
Aransas,1930,"2,219"
Aransas,1890,"1,824"
Aransas,2000,"22,497"
Aransas,1960,"7,006"
Aransas,1990,"17,892"
Aransas,1940,"3,469"
Aransas,1860,
Aransas,1910,"2,106"
Aransas,1950,"4,252"
Aransas,1850,
Archer,1900,"2,508"
Archer,2000,"8,854"
Archer,1990,"7,973"
Archer,1910,"6,525"
Archer,1880,596
Archer,1870,
Archer,1920,"5,254"
Archer,1940,"7,599"
Archer,1850,
Archer,2010,"9,054"
Archer,1950,"6,816"
Archer,1890,"2,101"
Archer,1860,
Archer,1930,"9,684"
Archer,1980,"7,266"
Archer,1970,"5,759"
Archer,1960,"6,110"
Armstrong,1920,"2,816"
Armstrong,1880,31
Armstrong,1940,"2,495"
Armstrong,1990,"2,021"
Armstrong,1970,"1,895"
Armstrong,1960,"1,966"
Armstrong,1850,
Armstrong,1980,"1,994"
Armstrong,1900,"1,205"
Armstrong,1930,"3,329"
Armstrong,1910,"2,682"
Armstrong,1860,
Armstrong,1870,
Armstrong,2000,"2,148"
Armstrong,1890,944
Armstrong,2010,"1,901"
Armstrong,1950,"2,215"
Atascosa,1960,"18,828"
Atascosa,1860,"1,578"
Atascosa,2010,"44,911"
Atascosa,2000,"38,628"
Atascosa,1920,"12,702"
Atascosa,1990,"30,533"
Atascosa,1910,"10,004"
Atascosa,1940,"19,275"
Atascosa,1850,
Atascosa,1950,"20,048"
Atascosa,1930,"15,654"
Atascosa,1870,"2,915"
Atascosa,1900,"7,143"
Atascosa,1980,"25,055"
Atascosa,1970,"18,696"
Atascosa,1890,"6,459"
Atascosa,1880,"4,217"
Austin,1990,"19,832"
Austin,1970,"13,831"
Austin,1910,"17,699"
Austin,1960,"13,777"
Austin,1870,"15,087"
Austin,1850,"3,841"
Austin,2000,"23,590"
Austin,1920,"18,874"
Austin,1950,"14,663"
Austin,2010,"28,417"
Austin,1940,"17,384"
Austin,1900,"20,676"
Austin,1930,"18,860"
Austin,1980,"17,726"
Austin,1890,"17,859"
Austin,1860,"10,139"
Austin,1880,"14,429"
Bailey,1940,"6,318"
Bailey,1980,"8,168"
Bailey,1970,"8,487"
Bailey,1910,312
Bailey,1960,"9,090"
Bailey,1920,517
Bailey,1870,
Bailey,1850,
Bailey,2000,"6,594"
Bailey,1860,
Bailey,1990,"7,064"
Bailey,1930,"5,186"
Bailey,1890,
Bailey,2010,"7,165"
Bailey,1950,"7,592"
Bailey,1880,
Bailey,1900,4
Bandera ,1990,"10,562"
Bandera ,1900,"5,332"
Bandera ,1940,"4,234"
Bandera ,1890,"3,795"
Bandera ,1910,"4,921"
Bandera ,1980,"7,084"
Bandera ,2010,"20,485"
Bandera ,1960,"3,892"
Bandera ,1920,"4,001"
Bandera ,1850,
Bandera ,1870,649
Bandera ,1970,"4,747"
Bandera ,1880,"2,158"
Bandera ,1860,399
Bandera ,1950,"4,410"
Bandera ,2000,"17,645"
Bandera ,1930,"3,784"
Bastrop,1980,"24,726"
Bastrop,1910,"25,344"
Bastrop,1970,"17,297"
Bastrop,1860,"7,006"
Bastrop,1850,"3,099"
Bastrop,1890,"20,736"
Bastrop,2000,"57,733"
Bastrop,1950,"19,622"
Bastrop,2010,"74,171"
Bastrop,1870,"12,290"
Bastrop,1990,"38,263"
Bastrop,1930,"23,888"
Bastrop,1960,"16,925"
Bastrop,1880,"17,215"
Bastrop,1920,"26,649"
Bastrop,1900,"26,845"
Bastrop,1940,"21,610"
Baylor,2000,"4,093"
Baylor,1990,"4,385"
Baylor,1950,"6,875"
Baylor,1880,715
Baylor,2010,"3,726"
Baylor,1920,"7,027"
Baylor,1970,"5,221"
Baylor,1890,"2,595"
Baylor,1870,
Baylor,1900,"3,052"
Baylor,1940,"7,755"
Baylor,1930,"7,418"
Baylor,1960,"5,893"
Baylor,1980,"4,919"
Baylor,1910,"8,411"
Baylor,1860,
Baylor,1850,
Bee,1950,"18,174"
Bee,2000,"32,359"
Bee,1900,"7,720"
Bee,1920,"12,137"
Bee,1990,"25,135"
Bee,1880,"2,298"
Bee,1930,"15,721"
Bee,2010,"31,861"
Bee,1980,"26,030"
Bee,1890,"3,720"
Bee,1870,"1,082"
Bee,1860,910
Bee,1850,
Bee,1940,"16,481"
Bee,1960,"23,755"
Bee,1970,"22,737"
Bee,1910,"12,090"
Bell,1930,"50,030"
Bell,1880,"20,518"
Bell,1940,"44,863"
Bell,1850,
Bell,1890,"33,377"
Bell,2010,"310,235"
Bell,1980,"157,889"
Bell,1950,"73,824"
Bell,1860,"4,799"
Bell,1990,"191,088"
Bell,1900,"45,535"
Bell,1910,"49,186"
Bell,1970,"124,483"
Bell,2000,"237,974"
Bell,1960,"94,097"
Bell,1920,"46,412"
Bell,1870,"9,771"
Bexar,1900,"69,422"
Bexar,1960,"687,151"
Bexar,1980,"988,800"
Bexar,1870,"16,043"
Bexar,1850,"6,052"
Bexar,1860,"14,454"
Bexar,1930,"292,533"
Bexar,1910,"119,676"
Bexar,1940,"338,176"
Bexar,1970,"830,460"
Bexar,1950,"500,460"
Bexar,2010,"1,714,773"
Bexar,2000,"1,392,931"
Bexar,1880,"30,470"
Bexar,1990,"1,185,394"
Bexar,1920,"202,096"
Bexar,1890,"49,266"
Bexar Dist. ,1990,
Bexar Dist. ,1880,
Bexar Dist. ,1950,
Bexar Dist. ,2000,
Bexar Dist. ,1930,
Bexar Dist. ,1910,
Bexar Dist. ,1860,
Bexar Dist. ,1870,"1,077"
Bexar Dist. ,1850,
Bexar Dist. ,1970,
Bexar Dist. ,1890,
Bexar Dist. ,1920,
Bexar Dist. ,1900,
Bexar Dist. ,1940,
Bexar Dist. ,2010,
Bexar Dist. ,1960,
Bexar Dist. ,1980,
Blanco,1980,"4,681"
Blanco,1950,"3,780"
Blanco,1880,"3,583"
Blanco,1940,"4,264"
Blanco,1990,"5,972"
Blanco,1920,"4,063"
Blanco,1850,
Blanco,1960,"3,657"
Blanco,1910,"4,311"
Blanco,1870,"1,187"
Blanco,2000,"8,418"
Blanco,2010,"10,497"
Blanco,1930,"3,842"
Blanco,1900,"4,703"
Blanco,1970,"3,567"
Blanco,1860,"1,281"
Blanco,1890,"4,649"
Borden,1960,"1,076"
Borden,2000,729
Borden,1870,
Borden,1910,"1,386"
Borden,1900,776
Borden,1990,799
Borden,1880,35
Borden,1970,888
Borden,1890,222
Borden,1980,859
Borden,1950,"1,106"
Borden,1920,965
Borden,1850,
Borden,2010,641
Borden,1860,
Borden,1940,"1,396"
Borden,1930,"1,505"
Bosque,1960,"10,809"
Bosque,2000,"17,204"
Bosque,1990,"15,125"
Bosque,1930,"15,750"
Bosque,1860,"2,005"
Bosque,1980,"13,401"
Bosque,1870,"4,981"
Bosque,2010,"18,212"
Bosque,1880,"11,217"
Bosque,1950,"11,836"
Bosque,1900,"17,390"
Bosque,1890,"14,224"
Bosque,1940,"15,761"
Bosque,1910,"19,013"
Bosque,1970,"10,966"
Bosque,1850,
Bosque,1920,"18,032"
Bowie,1920,"39,472"
Bowie,1940,"50,208"
Bowie,1860,"5,052"
Bowie,1910,"34,827"
Bowie,2000,"89,306"
Bowie,1970,"67,813"
Bowie,1900,"26,676"
Bowie,1960,"59,971"
Bowie,2010,"92,565"
Bowie,1850,"2,912"
Bowie,1990,"81,665"
Bowie,1930,"48,563"
Bowie,1890,"20,267"
Bowie,1980,"75,301"
Bowie,1950,"61,966"
Bowie,1880,"10,965"
Bowie,1870,"4,684"
Brazoria,1890,"11,506"
Brazoria,1970,"108,312"
Brazoria,1850,"4,841"
Brazoria,1960,"76,204"
Brazoria,1910,"13,299"
Brazoria,1950,"46,549"
Brazoria,1880,"9,774"
Brazoria,1920,"20,614"
Brazoria,1940,"27,069"
Brazoria,1860,"7,143"
Brazoria,1870,"7,527"
Brazoria,1980,"169,587"
Brazoria,2000,"241,767"
Brazoria,1930,"23,054"
Brazoria,1900,"14,861"
Brazoria,1990,"191,707"
Brazoria,2010,"313,166"
Brazos,1860,"2,776"
Brazos,1950,"38,390"
Brazos,1910,"18,919"
Brazos,1960,"44,895"
Brazos,1930,"21,835"
Brazos,2010,"194,851"
Brazos,1890,"16,650"
Brazos,1970,"57,978"
Brazos,1990,"121,862"
Brazos,1980,"93,588"
Brazos,1880,"13,576"
Brazos,1900,"18,859"
Brazos,1870,"9,205"
Brazos,2000,"152,415"
Brazos,1940,"26,977"
Brazos,1850,614
Brazos,1920,"21,975"
Brewster ,1890,710
Brewster ,1950,"7,309"
Brewster ,1880,
Brewster ,1980,"7,573"
Brewster ,1910,"5,220"
Brewster ,1850,
Brewster ,1870,
Brewster ,2010,"9,232"
Brewster ,1960,"6,434"
Brewster ,1970,"7,780"
Brewster ,1990,"8,681"
Brewster ,1900,"2,356"
Brewster ,2000,"8,866"
Brewster ,1940,"6,478"
Brewster ,1920,"4,822"
Brewster ,1860,
Brewster ,1930,"6,624"
Briscoe ,1990,"1,971"
Briscoe ,1940,"4,056"
Briscoe ,1890,
Briscoe ,1960,"3,577"
Briscoe ,1910,"2,162"
Briscoe ,1860,
Briscoe ,2000,"1,790"
Briscoe ,1920,"2,948"
Briscoe ,1870,
Briscoe ,1930,"5,590"
Briscoe ,1970,"2,794"
Briscoe ,1880,12
Briscoe ,1980,"2,579"
Briscoe ,1950,"3,528"
Briscoe ,1850,
Briscoe ,2010,"1,637"
Briscoe ,1900,"1,253"
Brooks ,1890,
Brooks ,1940,"6,362"
Brooks ,1880,
Brooks ,1850,
Brooks ,1980,"8,428"
Brooks ,1870,
Brooks ,1900,
Brooks ,1990,"8,204"
Brooks ,1920,"4,560"
Brooks ,2000,"7,976"
Brooks ,1930,"5,901"
Brooks ,1970,"8,005"
Brooks ,1860,
Brooks ,2010,"7,223"
Brooks ,1960,"8,609"
Brooks ,1950,"9,195"
Brooks ,1910,
Brown ,1940,"25,924"
Brown ,1870,544
Brown ,2000,"37,674"
Brown ,1930,"26,382"
Brown ,1890,"11,421"
Brown ,1970,"25,877"
Brown ,1910,"22,935"
Brown ,1880,"8,414"
Brown ,2010,"38,106"
Brown ,1900,"16,019"
Brown ,1850,
Brown ,1860,244
Brown ,1950,"28,607"
Brown ,1920,"21,682"
Brown ,1980,"33,057"
Brown ,1990,"34,371"
Brown ,1960,"24,728"
Buchanan ,2000,
Buchanan ,1950,
Buchanan ,1920,
Buchanan ,1910,
Buchanan ,1860,
Buchanan ,1970,
Buchanan ,1930,
Buchanan ,2010,
Buchanan ,1960,
Buchanan ,1870,
Buchanan ,1890,
Buchanan ,1850,
Buchanan ,1940,
Buchanan ,1980,
Buchanan ,1990,
Buchanan ,1900,
Buchanan ,1880,
Buchel ,1960,
Buchel ,1930,
Buchel ,1900,
Buchel ,1870,
Buchel ,1860,
Buchel ,1850,
Buchel ,1980,
Buchel ,1880,
Buchel ,1970,
Buchel ,1920,
Buchel ,2000,
Buchel ,2010,
Buchel ,1990,
Buchel ,1940,
Buchel ,1910,
Buchel ,1890,298
Buchel ,1950,
Burleson,1920,"16,855"
Burleson,1870,"8,072"
Burleson,1990,"13,625"
Burleson,2000,"16,470"
Burleson,1900,"18,367"
Burleson,1930,"19,848"
Burleson,1850,"1,713"
Burleson,1960,"11,177"
Burleson,1940,"18,334"
Burleson,1890,"13,001"
Burleson,1860,"5,683"
Burleson,1910,"18,687"
Burleson,1880,"9,243"
Burleson,2010,"17,187"
Burleson,1970,"9,999"
Burleson,1950,"13,000"
Burleson,1980,"12,313"
Burnet,1920,"9,499"
Burnet,1850,
Burnet,1900,"10,528"
Burnet,1890,"10,747"
Burnet,1880,"6,855"
Burnet,1990,"22,677"
Burnet,1870,"3,688"
Burnet,1970,"11,420"
Burnet,1930,"10,355"
Burnet,2010,"42,750"
Burnet,1910,"10,755"
Burnet,1860,"2,487"
Burnet,1960,"9,265"
Burnet,1950,"10,356"
Burnet,1980,"17,803"
Burnet,2000,"34,147"
Burnet,1940,"10,771"
Caldwell,1870,"6,572"
Caldwell,1940,"24,893"
Caldwell,1990,"26,392"
Caldwell,1920,"25,160"
Caldwell,1880,"11,757"
Caldwell,2010,"38,066"
Caldwell,1860,"4,481"
Caldwell,1910,"24,237"
Caldwell,1980,"23,637"
Caldwell,1850,"1,329"
Caldwell,1970,"21,178"
Caldwell,1900,"21,765"
Caldwell,1950,"19,350"
Caldwell,1930,"31,397"
Caldwell,1890,"15,769"
Caldwell,2000,"32,194"
Caldwell,1960,"17,222"
Calhoun,1870,"3,443"
Calhoun,1960,"16,592"
Calhoun,1940,"5,911"
Calhoun,1930,"5,385"
Calhoun,1900,"2,395"
Calhoun,1990,"19,053"
Calhoun,1910,"3,635"
Calhoun,1980,"19,574"
Calhoun,1880,"1,739"
Calhoun,2010,"21,381"
Calhoun,1850,"1,110"
Calhoun,1950,"9,222"
Calhoun,1920,"4,700"
Calhoun,1970,"17,831"
Calhoun,1890,815
Calhoun,1860,"2,642"
Calhoun,2000,"20,647"
Callahan,1970,"8,205"
Callahan,1870,
Callahan,2000,"12,905"
Callahan,1860,
Callahan,2010,"13,544"
Callahan,1920,"11,844"
Callahan,1980,"10,992"
Callahan,1880,"3,453"
Callahan,1940,"11,568"
Callahan,1850,
Callahan,1900,"8,768"
Callahan,1910,"12,973"
Callahan,1950,"9,087"
Callahan,1990,"11,859"
Callahan,1890,"5,457"
Callahan,1960,"7,929"
Callahan,1930,"12,785"
Cameron  ,1940,"83,202"
Cameron  ,1970,"140,368"
Cameron  ,1910,"27,158"
Cameron  ,2000,"335,227"
Cameron  ,1890,"14,424"
Cameron  ,1990,"260,120"
Cameron  ,1920,"36,662"
Cameron  ,1960,"151,098"
Cameron  ,1860,"6,028"
Cameron  ,1880,"14,959"
Cameron  ,1950,"125,170"
Cameron  ,1980,"209,680"
Cameron  ,1870,"10,999"
Cameron  ,2010,"406,220"
Cameron  ,1900,"16,095"
Cameron  ,1850,"8,541"
Cameron  ,1930,"77,540"
Camp,1960,"7,849"
Camp,1890,"6,624"
Camp,1880,"5,951"
Camp,1990,"9,904"
Camp,1950,"8,740"
Camp,1910,"9,551"
Camp,1900,"9,146"
Camp,1850,
Camp,1970,"8,005"
Camp,1870,
Camp,1940,"10,285"
Camp,1980,"9,275"
Camp,1860,
Camp,2000,"11,549"
Camp,1920,"11,103"
Camp,2010,"12,401"
Camp,1930,"10,063"
Carson,1860,
Carson,1850,
Carson,1950,"6,852"
Carson,1980,"6,672"
Carson,1890,356
Carson,1970,"6,358"
Carson,1920,"3,078"
Carson,1930,"7,745"
Carson,1880,
Carson,1990,"6,576"
Carson,2000,"6,516"
Carson,1910,"2,127"
Carson,1900,469
Carson,1960,"7,781"
Carson,2010,"6,182"
Carson,1870,
Carson,1940,"6,624"
Cass ,1920,"30,041"
Cass ,1890,"22,554"
Cass ,1900,"22,841"
Cass ,1880,"16,724"
Cass ,1940,"33,496"
Cass ,1870,"8,875"
Cass ,2010,"30,464"
Cass ,1930,"30,030"
Cass ,2000,"30,438"
Cass ,1850,"4,991"
Cass ,1970,"24,133"
Cass ,1990,"29,982"
Cass ,1860,"8,411"
Cass ,1910,"27,587"
Cass ,1960,"23,496"
Cass ,1980,"29,430"
Cass ,1950,"26,732"
Castro,1990,"9,070"
Castro,1920,"1,948"
Castro,1860,
Castro,1900,400
Castro,1960,"8,923"
Castro,1850,
Castro,1940,"4,631"
Castro,1910,"1,850"
Castro,1890,9
Castro,1970,"10,394"
Castro,2000,"8,285"
Castro,1950,"5,417"
Castro,1930,"4,720"
Castro,1980,"10,556"
Castro,1880,
Castro,1870,
Castro,2010,"8,062"
Chambers,1990,"20,088"
Chambers,1970,"12,187"
Chambers,1860,"1,508"
Chambers,2000,"26,031"
Chambers,1910,"4,234"
Chambers,1920,"4,162"
Chambers,1960,"10,379"
Chambers,2010,"35,096"
Chambers,1890,"2,241"
Chambers,1880,"2,187"
Chambers,1850,
Chambers,1930,"5,710"
Chambers,1980,"18,538"
Chambers,1950,"7,871"
Chambers,1900,"3,046"
Chambers,1940,"7,511"
Chambers,1870,"1,503"
Cherokee,1860,"12,098"
Cherokee,2010,"50,845"
Cherokee,1930,"43,180"
Cherokee,1880,"16,723"
Cherokee,1920,"37,633"
Cherokee,1990,"41,049"
Cherokee,1900,"25,154"
Cherokee,1940,"43,970"
Cherokee,1950,"38,694"
Cherokee,1980,"38,127"
Cherokee,1850,"6,673"
Cherokee,1870,"11,079"
Cherokee,1890,"22,975"
Cherokee,1970,"32,008"
Cherokee,1960,"33,120"
Cherokee,1910,"29,038"
Cherokee,2000,"46,659"
Childress ,1890,"1,175"
Childress ,1930,"16,044"
Childress ,1880,25
Childress ,1850,
Childress ,1980,"6,950"
Childress ,1990,"5,953"
Childress ,1970,"6,605"
Childress ,1900,"2,138"
Childress ,1860,
Childress ,2000,"7,688"
Childress ,1950,"12,123"
Childress ,1940,"12,149"
Childress ,1960,"8,421"
Childress ,1910,"9,538"
Childress ,1870,
Childress ,2010,"7,041"
Childress ,1920,"10,933"
Clay ,1950,"9,896"
Clay ,2010,"10,752"
Clay ,1880,"5,045"
Clay ,1970,"8,079"
Clay ,1990,"10,024"
Clay ,1870,
Clay ,1960,"8,351"
Clay ,1940,"12,524"
Clay ,1980,"9,582"
Clay ,1890,"7,503"
Clay ,1920,"16,864"
Clay ,1930,"14,545"
Clay ,1910,"17,043"
Clay ,1850,
Clay ,1860,109
Clay ,1900,"9,231"
Clay ,2000,"11,006"
Cochran,1980,"4,825"
Cochran,1910,65
Cochran,1870,
Cochran,1940,"3,735"
Cochran,1950,"5,928"
Cochran,1960,"6,417"
Cochran,1900,25
Cochran,1920,67
Cochran,1990,"4,377"
Cochran,1970,"5,326"
Cochran,1890,
Cochran,1850,
Cochran,2000,"3,730"
Cochran,1880,
Cochran,1930,"1,963"
Cochran,2010,"3,127"
Cochran,1860,
Coke ,2010,"3,320"
Coke ,1980,"3,196"
Coke ,1920,"4,557"
Coke ,1870,
Coke ,1930,"5,253"
Coke ,1940,"4,590"
Coke ,1950,"4,045"
Coke ,1900,"3,430"
Coke ,1860,
Coke ,1960,"3,589"
Coke ,2000,"3,864"
Coke ,1910,"6,412"
Coke ,1990,"3,424"
Coke ,1850,
Coke ,1970,"3,087"
Coke ,1890,"2,059"
Coke ,1880,
Coleman,2000,"9,235"
Coleman,2010,"8,895"
Coleman,1920,"18,805"
Coleman,1980,"10,439"
Coleman,1890,"6,112"
Coleman,1950,"15,503"
Coleman,1930,"23,669"
Coleman,1870,347
Coleman,1940,"20,571"
Coleman,1970,"10,288"
Coleman,1860,
Coleman,1900,"10,077"
Coleman,1910,"22,618"
Coleman,1990,"9,710"
Coleman,1880,"3,603"
Coleman,1850,
Coleman,1960,"12,458"
Collin,1950,"41,692"
Collin,2000,"491,675"
Collin,1970,"66,920"
Collin,2010,"782,341"
Collin,1880,"25,983"
Collin,1930,"46,180"
Collin,1870,"14,013"
Collin,1980,"144,490"
Collin,1920,"49,609"
Collin,1850,"1,950"
Collin,1960,"41,247"
Collin,1990,"264,036"
Collin,1890,"36,736"
Collin,1910,"49,021"
Collin,1900,"50,087"
Collin,1940,"47,190"
Collin,1860,"9,264"
Collingsworth ,1870,
Collingsworth ,1930,"14,461"
Collingsworth ,1960,"6,276"
Collingsworth ,2000,"3,206"
Collingsworth ,1860,
Collingsworth ,1990,"3,573"
Collingsworth ,1970,"4,755"
Collingsworth ,1850,
Collingsworth ,1900,"1,233"
Collingsworth ,1880,6
Collingsworth ,1910,"5,224"
Collingsworth ,1980,"4,648"
Collingsworth ,1890,357
Collingsworth ,1920,"9,154"
Collingsworth ,1950,"9,139"
Collingsworth ,2010,"3,057"
Collingsworth ,1940,"10,331"
Colorado,2010,"20,874"
Colorado,1930,"19,129"
Colorado,1860,"7,885"
Colorado,1920,"19,013"
Colorado,1890,"19,512"
Colorado,1980,"18,823"
Colorado,1990,"18,383"
Colorado,1960,"18,463"
Colorado,1880,"16,673"
Colorado,2000,"20,390"
Colorado,1970,"17,638"
Colorado,1940,"17,812"
Colorado,1870,"8,326"
Colorado,1900,"22,203"
Colorado,1950,"17,576"
Colorado,1910,"18,897"
Colorado,1850,"2,257"
Comal,1950,"16,357"
Comal,2000,"78,021"
Comal,1860,"4,030"
Comal,1960,"19,844"
Comal,1900,"7,008"
Comal,1880,"5,546"
Comal,1980,"36,446"
Comal,2010,"108,472"
Comal,1920,"8,824"
Comal,1850,"1,723"
Comal,1870,"5,283"
Comal,1910,"8,434"
Comal,1940,"12,321"
Comal,1930,"11,984"
Comal,1990,"51,832"
Comal,1970,"24,165"
Comal,1890,"6,398"
Comanche ,2000,"14,026"
Comanche ,1930,"18,430"
Comanche ,1850,
Comanche ,1980,"12,617"
Comanche ,1950,"15,516"
Comanche ,1900,"23,009"
Comanche ,1990,"13,381"
Comanche ,1910,"27,186"
Comanche ,1870,"1,001"
Comanche ,2010,"13,974"
Comanche ,1970,"11,898"
Comanche ,1940,"19,245"
Comanche ,1920,"25,748"
Comanche ,1860,709
Comanche ,1960,"11,865"
Comanche ,1880,"8,608"
Comanche ,1890,"15,608"
Concho,1930,"7,645"
Concho,1970,"2,937"
Concho,1870,
Concho,1890,"1,065"
Concho,1920,"5,847"
Concho,1940,"6,192"
Concho,1900,"1,427"
Concho,1880,800
Concho,1990,"3,044"
Concho,1910,"6,654"
Concho,2010,"4,087"
Concho,1850,
Concho,1980,"2,915"
Concho,1860,
Concho,1960,"3,672"
Concho,2000,"3,966"
Concho,1950,"5,078"
Cooke,1850,220
Cooke,1980,"27,656"
Cooke,1970,"23,471"
Cooke,1950,"22,146"
Cooke,1890,"24,696"
Cooke,2000,"36,363"
Cooke,1910,"26,603"
Cooke,1880,"20,391"
Cooke,1860,"3,760"
Cooke,1940,"24,909"
Cooke,1990,"30,777"
Cooke,1920,"25,667"
Cooke,1900,"27,494"
Cooke,1960,"22,560"
Cooke,1870,"5,315"
Cooke,2010,"38,437"
Cooke,1930,"24,136"
Coryell,2010,"75,388"
Coryell,1980,"56,767"
Coryell,1860,"2,666"
Coryell,1970,"35,311"
Coryell,1960,"23,961"
Coryell,1950,"16,284"
Coryell,1910,"21,703"
Coryell,1990,"64,213"
Coryell,1890,"16,873"
Coryell,1940,"20,226"
Coryell,1870,"4,124"
Coryell,1880,"10,924"
Coryell,1920,"20,601"
Coryell,1900,"21,308"
Coryell,1850,
Coryell,2000,"74,978"
Coryell,1930,"19,999"
Cottle,1880,24
Cottle,1860,
Cottle,1940,"7,079"
Cottle,1850,
Cottle,1950,"6,099"
Cottle,1990,"2,247"
Cottle,1910,"4,396"
Cottle,1920,"6,901"
Cottle,1930,"9,395"
Cottle,1960,"4,207"
Cottle,1970,"3,204"
Cottle,1890,240
Cottle,1870,
Cottle,1900,"1,002"
Cottle,1980,"2,947"
Cottle,2010,"1,505"
Cottle,2000,"1,904"
Crane ,1860,
Crane ,1940,"2,841"
Crane ,1850,
Crane ,2000,"3,996"
Crane ,2010,"4,375"
Crane ,1890,15
Crane ,1870,
Crane ,1980,"4,600"
Crane ,1990,"4,652"
Crane ,1920,37
Crane ,1910,331
Crane ,1950,"3,965"
Crane ,1900,51
Crane ,1930,"2,221"
Crane ,1880,
Crane ,1970,"4,172"
Crane ,1960,"4,699"
Crockett ,1960,"4,209"
Crockett ,1910,"1,296"
Crockett ,1980,"4,608"
Crockett ,1900,"1,591"
Crockett ,1940,"2,809"
Crockett ,1950,"3,981"
Crockett ,1990,"4,078"
Crockett ,1850,
Crockett ,1970,"3,885"
Crockett ,2010,"3,719"
Crockett ,1920,"1,500"
Crockett ,1870,
Crockett ,2000,"4,099"
Crockett ,1880,127
Crockett ,1890,194
Crockett ,1930,"2,590"
Crockett ,1860,
Crosby,1950,"9,582"
Crosby,2000,"7,072"
Crosby,1980,"8,859"
Crosby,1930,"11,023"
Crosby,1900,788
Crosby,1960,"10,347"
Crosby,2010,"6,059"
Crosby,1880,82
Crosby,1970,"9,085"
Crosby,1940,"10,046"
Crosby,1890,346
Crosby,1990,"7,304"
Crosby,1860,
Crosby,1910,"1,765"
Crosby,1870,
Crosby,1920,"6,084"
Crosby,1850,
Culberson ,1850,
Culberson ,1930,"1,228"
Culberson ,1860,
Culberson ,1880,
Culberson ,1950,"1,825"
Culberson ,1920,912
Culberson ,1970,"3,429"
Culberson ,2000,"2,975"
Culberson ,1890,
Culberson ,1870,
Culberson ,1900,
Culberson ,1960,"2,794"
Culberson ,1910,
Culberson ,2010,"2,398"
Culberson ,1940,"1,653"
Culberson ,1990,"3,407"
Culberson ,1980,"3,315"
Dallam,1860,
Dallam,1930,"7,830"
Dallam,1880,
Dallam,1900,146
Dallam,1990,"5,461"
Dallam,1940,"6,494"
Dallam,1920,"4,528"
Dallam,1870,
Dallam,2010,"6,703"
Dallam,1980,"6,531"
Dallam,1850,
Dallam,2000,"6,222"
Dallam,1970,"6,012"
Dallam,1960,"6,302"
Dallam,1890,112
Dallam,1910,"4,001"
Dallam,1950,"7,640"
Dallas,1980,"1,556,549"
Dallas,1890,"67,042"
Dallas,1870,"13,314"
Dallas,1940,"398,564"
Dallas,2010,"2,368,139"
Dallas,1950,"614,799"
Dallas,1880,"33,488"
Dallas,1990,"1,852,810"
Dallas,1930,"325,691"
Dallas,1920,"210,551"
Dallas,1960,"951,527"
Dallas,1850,"2,743"
Dallas,1910,"135,748"
Dallas,2000,"2,218,899"
Dallas,1970,"1,327,321"
Dallas,1900,"82,726"
Dallas,1860,"8,665"
Davis ,1960,
Davis ,1900,
Davis ,1940,
Davis ,1980,
Davis ,1920,
Davis ,1990,
Davis ,1890,
Davis ,1860,
Davis ,1870,
Davis ,1950,
Davis ,1970,
Davis ,2010,
Davis ,1910,
Davis ,1880,
Davis ,1850,
Davis ,2000,
Davis ,1930,
Dawson ,1970,"16,604"
Dawson ,1900,37
Dawson ,1920,"4,309"
Dawson ,1950,"19,113"
Dawson ,1910,"2,320"
Dawson ,1940,"15,367"
Dawson ,1960,"19,185"
Dawson ,1930,"13,573"
Dawson ,1890,29
Dawson ,1990,"14,349"
Dawson ,1860,
Dawson ,2010,"13,833"
Dawson ,1880,24
Dawson ,1870,
Dawson ,2000,"14,985"
Dawson ,1850,
Dawson ,1980,"16,184"
De Witt,1980,"18,903"
De Witt,1870,"6,443"
De Witt,1860,"5,108"
De Witt,1970,"18,660"
De Witt,1890,"14,307"
De Witt,1850,"1,716"
De Witt,2010,"20,097"
De Witt,1930,"27,441"
De Witt,1880,"10,082"
De Witt,1950,"22,973"
De Witt,1990,"18,840"
De Witt,1920,"27,971"
De Witt,1960,"20,683"
De Witt,1940,"24,935"
De Witt,1910,"23,501"
De Witt,1900,"21,311"
De Witt,2000,"20,013"
Deaf Smith,1910,"3,942"
Deaf Smith,1930,"5,979"
Deaf Smith,1860,
Deaf Smith,1970,"18,999"
Deaf Smith,2010,"19,372"
Deaf Smith,1890,179
Deaf Smith,1940,"6,056"
Deaf Smith,1950,"9,111"
Deaf Smith,1990,"19,153"
Deaf Smith,1900,843
Deaf Smith,1880,38
Deaf Smith,1850,
Deaf Smith,2000,"18,561"
Deaf Smith,1980,"21,165"
Deaf Smith,1870,
Deaf Smith,1920,"3,747"
Deaf Smith,1960,"13,187"
Delta,2010,"5,231"
Delta,2000,"5,327"
Delta,1960,"5,860"
Delta,1910,"14,566"
Delta,1980,"4,839"
Delta,1880,"5,597"
Delta,1940,"12,858"
Delta,1860,
Delta,1970,"4,927"
Delta,1950,"8,964"
Delta,1900,"15,249"
Delta,1870,
Delta,1850,
Delta,1920,"15,887"
Delta,1990,"4,857"
Delta,1930,"13,138"
Delta,1890,"9,117"
Denton,1870,"7,251"
Denton,2000,"432,976"
Denton,1960,"47,432"
Denton,1970,"75,633"
Denton,1930,"32,822"
Denton,2010,"662,614"
Denton,1860,"5,031"
Denton,1910,"31,258"
Denton,1900,"28,318"
Denton,1850,641
Denton,1920,"35,355"
Denton,1990,"273,525"
Denton,1880,"18,143"
Denton,1940,"33,658"
Denton,1890,"21,289"
Denton,1950,"41,365"
Denton,1980,"143,126"
Dickens,1960,"4,963"
Dickens,1940,"7,847"
Dickens,1910,"3,092"
Dickens,1970,"3,737"
Dickens,1930,"8,601"
Dickens,2010,"2,444"
Dickens,1950,"7,177"
Dickens,1860,
Dickens,1920,"5,876"
Dickens,1870,
Dickens,2000,"2,762"
Dickens,1980,"3,539"
Dickens,1990,"2,571"
Dickens,1880,28
Dickens,1900,"1,151"
Dickens,1890,295
Dickens,1850,
Dimmit,1930,"8,828"
Dimmit,1940,"8,542"
Dimmit,2010,"9,996"
Dimmit,1850,
Dimmit,1920,"5,296"
Dimmit,1990,"10,433"
Dimmit,1950,"10,654"
Dimmit,1860,
Dimmit,1910,"3,460"
Dimmit,1890,"1,049"
Dimmit,1900,"1,106"
Dimmit,1970,"9,039"
Dimmit,1880,665
Dimmit,2000,"10,248"
Dimmit,1960,"10,095"
Dimmit,1870,109
Dimmit,1980,"11,367"
Donley,1920,"8,035"
Donley,1980,"4,075"
Donley,2000,"3,828"
Donley,1940,"7,487"
Donley,1960,"4,449"
Donley,1990,"3,696"
Donley,1910,"5,284"
Donley,1870,
Donley,1930,"10,262"
Donley,2010,"3,677"
Donley,1970,"3,641"
Donley,1850,
Donley,1880,160
Donley,1900,"2,756"
Donley,1950,"6,216"
Donley,1890,"1,056"
Donley,1860,
Dunn ,1960,
Dunn ,1970,
Dunn ,1880,
Dunn ,2000,
Dunn ,1890,
Dunn ,2010,
Dunn ,1860,
Dunn ,1900,
Dunn ,1990,
Dunn ,1930,
Dunn ,1950,
Dunn ,1920,
Dunn ,1940,
Dunn ,1850,
Dunn ,1910,
Dunn ,1980,
Dunn ,1870,
Duval  ,1980,"12,517"
Duval  ,1870,"1,083"
Duval  ,1940,"20,565"
Duval  ,2010,"11,782"
Duval  ,2000,"13,120"
Duval  ,1910,"8,964"
Duval  ,1990,"12,918"
Duval  ,1920,"8,251"
Duval  ,1900,"8,483"
Duval  ,1860,
Duval  ,1850,
Duval  ,1950,"15,643"
Duval  ,1930,"12,191"
Duval  ,1890,"7,598"
Duval  ,1880,"5,732"
Duval  ,1960,"13,398"
Duval  ,1970,"11,722"
Eastland,1970,"18,092"
Eastland,1880,"4,855"
Eastland,1920,"58,505"
Eastland,1930,"34,156"
Eastland,1990,"18,488"
Eastland,2000,"18,297"
Eastland,2010,"18,583"
Eastland,1870,88
Eastland,1900,"17,971"
Eastland,1890,"10,373"
Eastland,1860,99
Eastland,1960,"19,526"
Eastland,1910,"23,421"
Eastland,1950,"23,942"
Eastland,1850,
Eastland,1940,"30,345"
Eastland,1980,"19,480"
Ector ,1990,"118,934"
Ector ,1980,"115,374"
Ector ,1850,
Ector ,1910,"1,178"
Ector ,1920,760
Ector ,1880,
Ector ,1970,"91,805"
Ector ,2010,"137,130"
Ector ,2000,"121,123"
Ector ,1950,"42,102"
Ector ,1860,
Ector ,1960,"90,995"
Ector ,1900,381
Ector ,1890,224
Ector ,1930,"3,958"
Ector ,1870,
Ector ,1940,"15,051"
Edwards ,2010,"2,002"
Edwards ,1990,"2,266"
Edwards ,1930,"2,764"
Edwards ,2000,"2,162"
Edwards ,1940,"2,933"
Edwards ,1970,"2,107"
Edwards ,1980,"2,033"
Edwards ,1870,
Edwards ,1880,266
Edwards ,1890,"1,970"
Edwards ,1900,"3,108"
Edwards ,1910,"3,768"
Edwards ,1860,
Edwards ,1850,
Edwards ,1950,"2,908"
Edwards ,1920,"2,283"
Edwards ,1960,"2,317"
El Paso ,1870,"3,671"
El Paso ,1880,"3,845"
El Paso ,1920,"101,877"
El Paso ,2000,"679,622"
El Paso ,1990,"591,610"
El Paso ,1930,"131,597"
El Paso ,1860,"4,051"
El Paso ,1890,"15,678"
El Paso ,1940,"131,067"
El Paso ,1910,"52,599"
El Paso ,1960,"314,070"
El Paso ,1980,"479,899"
El Paso ,1970,"359,291"
El Paso ,1850,
El Paso ,1900,"24,886"
El Paso ,2010,"800,647"
El Paso ,1950,"194,968"
Ellis,1940,"47,733"
Ellis,1860,"5,246"
Ellis,1920,"55,700"
Ellis,1950,"45,645"
Ellis,1900,"50,059"
Ellis,1970,"46,638"
Ellis,1890,"31,774"
Ellis,1880,"21,294"
Ellis,1980,"59,743"
Ellis,1850,989
Ellis,1930,"53,936"
Ellis,1910,"53,629"
Ellis,2000,"111,360"
Ellis,1990,"85,167"
Ellis,2010,"149,610"
Ellis,1870,"7,514"
Ellis,1960,"43,395"
Encinal ,1850,
Encinal ,2010,
Encinal ,1940,
Encinal ,1870,427
Encinal ,1990,
Encinal ,1980,
Encinal ,1970,
Encinal ,2000,
Encinal ,1860,43
Encinal ,1880,"1,902"
Encinal ,1910,
Encinal ,1950,
Encinal ,1960,
Encinal ,1930,
Encinal ,1890,"2,744"
Encinal ,1920,
Encinal ,1900,
Erath,1980,"22,560"
Erath,1870,"1,801"
Erath,1990,"27,991"
Erath,1850,
Erath,1860,"2,425"
Erath,1900,"29,966"
Erath,1960,"16,236"
Erath,1940,"20,760"
Erath,2010,"37,890"
Erath,1890,"21,584"
Erath,1970,"18,141"
Erath,1880,"11,796"
Erath,1950,"18,434"
Erath,2000,"33,001"
Erath,1910,"32,095"
Erath,1930,"20,804"
Erath,1920,"28,385"
Falls,1870,"9,851"
Falls,1900,"33,342"
Falls,1910,"35,649"
Falls,1990,"17,712"
Falls,1850,
Falls,1980,"17,946"
Falls,1950,"26,724"
Falls,1970,"17,300"
Falls,1960,"21,263"
Falls,1940,"35,984"
Falls,2010,"17,866"
Falls,1890,"20,706"
Falls,1880,"16,240"
Falls,1920,"36,217"
Falls,1930,"38,771"
Falls,1860,"3,614"
Falls,2000,"18,576"
Fannin,1930,"41,163"
Fannin,1850,"3,788"
Fannin,1890,"38,709"
Fannin,1960,"23,880"
Fannin,1970,"22,705"
Fannin,1880,"25,501"
Fannin,1980,"24,285"
Fannin,1950,"31,253"
Fannin,1940,"41,064"
Fannin,1900,"51,793"
Fannin,1920,"48,186"
Fannin,1990,"24,804"
Fannin,1870,"13,207"
Fannin,1860,"9,217"
Fannin,1910,"44,801"
Fannin,2010,"33,915"
Fannin,2000,"31,242"
Fayette,1850,"3,756"
Fayette,1910,"29,796"
Fayette,2010,"24,554"
Fayette,1960,"20,384"
Fayette,1970,"17,650"
Fayette,1920,"29,965"
Fayette,1900,"36,542"
Fayette,1890,"31,481"
Fayette,1880,"27,996"
Fayette,1990,"20,095"
Fayette,1860,"11,604"
Fayette,1950,"24,176"
Fayette,1930,"30,708"
Fayette,1870,"16,863"
Fayette,2000,"21,804"
Fayette,1940,"29,246"
Fayette,1980,"18,832"
Fisher,1860,
Fisher,1920,"11,009"
Fisher,1960,"7,865"
Fisher,1850,
Fisher,1900,"2,708"
Fisher,1870,
Fisher,1930,"13,563"
Fisher,1880,136
Fisher,1890,"2,996"
Fisher,1950,"11,023"
Fisher,1970,"6,344"
Fisher,1990,"4,842"
Fisher,1980,"5,891"
Fisher,1910,"12,596"
Fisher,2000,"4,344"
Fisher,1940,"12,932"
Fisher,2010,"3,974"
Floyd,1900,"2,020"
Floyd,1940,"10,659"
Floyd,1970,"11,044"
Floyd,1920,"9,758"
Floyd,1930,"12,409"
Floyd,1870,
Floyd,2000,"7,771"
Floyd,1990,"8,497"
Floyd,1950,"10,535"
Floyd,1850,
Floyd,1880,3
Floyd,1960,"12,369"
Floyd,1980,"9,834"
Floyd,2010,"6,446"
Floyd,1860,
Floyd,1910,"4,638"
Floyd,1890,529
Foard ,1950,"4,216"
Foard ,1940,"5,237"
Foard ,1880,
Foard ,1850,
Foard ,1920,"4,747"
Foard ,1860,
Foard ,2000,"1,622"
Foard ,1870,
Foard ,1970,"2,211"
Foard ,1930,"6,315"
Foard ,1990,"1,794"
Foard ,1980,"2,158"
Foard ,1910,"5,726"
Foard ,2010,"1,336"
Foard ,1900,"1,568"
Foard ,1890,
Foard ,1960,"3,125"
Foley ,2010,
Foley ,1890,25
Foley ,1960,
Foley ,1910,
Foley ,1950,
Foley ,1860,
Foley ,1970,
Foley ,2000,
Foley ,1940,
Foley ,1850,
Foley ,1990,
Foley ,1870,
Foley ,1980,
Foley ,1920,
Foley ,1900,
Foley ,1880,
Foley ,1930,
Fort Bend,1950,"31,056"
Fort Bend,1960,"40,527"
Fort Bend,1990,"225,421"
Fort Bend,1980,"130,846"
Fort Bend,1970,"52,314"
Fort Bend,2010,"585,375"
Fort Bend,1860,"6,143"
Fort Bend,1880,"9,380"
Fort Bend,1910,"18,168"
Fort Bend,1900,"16,538"
Fort Bend,1920,"22,931"
Fort Bend,1870,"7,114"
Fort Bend,1940,"32,963"
Fort Bend,2000,"354,452"
Fort Bend,1850,"2,533"
Fort Bend,1930,"29,718"
Fort Bend,1890,"10,586"
Franklin,1850,
Franklin,1960,"5,101"
Franklin,1970,"5,291"
Franklin,1900,"8,674"
Franklin,1990,"7,802"
Franklin,1870,
Franklin,1940,"8,378"
Franklin,1890,"6,481"
Franklin,1980,"6,893"
Franklin,2000,"9,458"
Franklin,1950,"6,257"
Franklin,1920,"9,304"
Franklin,2010,"10,605"
Franklin,1880,"5,280"
Franklin,1910,"9,331"
Franklin,1860,
Franklin,1930,"8,494"
Freestone,1940,"21,138"
Freestone,2000,"17,867"
Freestone,1880,"14,921"
Freestone,1870,"8,139"
Freestone,1990,"15,818"
Freestone,1860,"6,881"
Freestone,1950,"15,696"
Freestone,1970,"11,116"
Freestone,1850,
Freestone,1900,"18,910"
Freestone,1930,"22,589"
Freestone,1910,"20,557"
Freestone,1960,"12,525"
Freestone,1890,"15,987"
Freestone,2010,"19,816"
Freestone,1980,"14,830"
Freestone,1920,"23,264"
Frio,1910,"8,895"
Frio,1860,42
Frio,1870,309
Frio,2010,"17,217"
Frio,1890,"3,112"
Frio,1980,"13,785"
Frio,2000,"16,252"
Frio,1920,"9,286"
Frio,1900,"4,200"
Frio,1960,"10,112"
Frio,1930,"9,411"
Frio,1880,"2,130"
Frio,1970,"11,159"
Frio,1850,
Frio,1990,"13,472"
Frio,1950,"10,357"
Frio,1940,"9,207"
Gaines,1980,"13,150"
Gaines,1850,
Gaines,1910,"1,255"
Gaines,1950,"8,909"
Gaines,1930,"2,800"
Gaines,1880,8
Gaines,1920,"1,018"
Gaines,2010,"17,526"
Gaines,2000,"14,467"
Gaines,1860,
Gaines,1940,"8,136"
Gaines,1900,55
Gaines,1990,"14,123"
Gaines,1960,"12,267"
Gaines,1970,"11,593"
Gaines,1890,68
Gaines,1870,
Galveston,1850,"4,529"
Galveston,1880,"24,121"
Galveston,1940,"81,173"
Galveston,1950,"113,066"
Galveston,1990,"217,399"
Galveston,1980,"195,940"
Galveston,1970,"169,812"
Galveston,1920,"53,150"
Galveston,1910,"44,479"
Galveston,1870,"15,290"
Galveston,1890,"31,476"
Galveston,1930,"64,401"
Galveston,2010,"291,309"
Galveston,1960,"140,364"
Galveston,1900,"44,116"
Galveston,1860,"8,229"
Galveston,2000,"250,158"
Garza,1870,
Garza,1900,185
Garza,1980,"5,336"
Garza,1990,"5,143"
Garza,1860,
Garza,1880,36
Garza,1920,"4,253"
Garza,1950,"6,281"
Garza,1940,"5,678"
Garza,1910,"1,995"
Garza,2000,"4,872"
Garza,1930,"5,586"
Garza,1970,"5,289"
Garza,2010,"6,461"
Garza,1890,14
Garza,1960,"6,611"
Garza,1850,
Gillespie,1920,"10,015"
Gillespie,1860,"2,736"
Gillespie,1990,"17,204"
Gillespie,1940,"10,670"
Gillespie,1970,"10,553"
Gillespie,1890,"7,056"
Gillespie,1930,"11,020"
Gillespie,1850,"1,240"
Gillespie,1880,"5,228"
Gillespie,2010,"24,837"
Gillespie,1870,"3,566"
Gillespie,1900,"8,229"
Gillespie,2000,"20,814"
Gillespie,1950,"10,520"
Gillespie,1980,"13,532"
Gillespie,1960,"10,048"
Gillespie,1910,"9,447"
Glasscock ,1910,"1,143"
Glasscock ,1860,
Glasscock ,1940,"1,193"
Glasscock ,1930,"1,263"
Glasscock ,1990,"1,447"
Glasscock ,1850,
Glasscock ,1920,555
Glasscock ,1890,208
Glasscock ,2010,"1,226"
Glasscock ,1970,"1,155"
Glasscock ,1950,"1,089"
Glasscock ,1960,"1,118"
Glasscock ,1900,286
Glasscock ,1880,
Glasscock ,1980,"1,304"
Glasscock ,2000,"1,406"
Glasscock ,1870,
Goliad,1950,"6,219"
Goliad,1880,"5,832"
Goliad,1920,"9,348"
Goliad,1870,"3,628"
Goliad,1940,"8,798"
Goliad,1890,"5,910"
Goliad,2010,"7,210"
Goliad,2000,"6,928"
Goliad,1910,"9,909"
Goliad,1860,"3,384"
Goliad,1980,"5,193"
Goliad,1970,"4,869"
Goliad,1990,"5,980"
Goliad,1930,"10,093"
Goliad,1900,"8,310"
Goliad,1850,648
Goliad,1960,"5,429"
Gonzales,1850,"1,492"
Gonzales,1930,"28,337"
Gonzales,1890,"18,016"
Gonzales,1960,"17,845"
Gonzales,2010,"19,807"
Gonzales,1920,"28,438"
Gonzales,1900,"28,882"
Gonzales,2000,"18,628"
Gonzales,1950,"21,164"
Gonzales,1940,"26,075"
Gonzales,1970,"16,375"
Gonzales,1990,"17,205"
Gonzales,1860,"8,059"
Gonzales,1880,"14,840"
Gonzales,1980,"16,883"
Gonzales,1910,"28,055"
Gonzales,1870,"8,951"
Gray,1940,"23,911"
Gray,2000,"22,744"
Gray,1890,203
Gray,1910,"3,405"
Gray,2010,"22,535"
Gray,1980,"26,386"
Gray,1860,
Gray,1970,"26,949"
Gray,1870,
Gray,1960,"31,535"
Gray,1990,"23,967"
Gray,1950,"24,728"
Gray,1850,
Gray,1900,480
Gray,1880,56
Gray,1920,"4,663"
Gray,1930,"22,090"
Grayson,1970,"83,225"
Grayson,1950,"70,467"
Grayson,1860,"8,184"
Grayson,1880,"38,108"
Grayson,2010,"120,877"
Grayson,1920,"74,165"
Grayson,1870,"14,387"
Grayson,1900,"63,661"
Grayson,1960,"73,043"
Grayson,1980,"89,796"
Grayson,1890,"53,211"
Grayson,1930,"65,843"
Grayson,1990,"95,021"
Grayson,1850,"2,008"
Grayson,1940,"69,499"
Grayson,2000,"110,595"
Grayson,1910,"65,996"
Greer ,1980,
Greer ,1850,
Greer ,1880,
Greer ,1990,
Greer ,1860,
Greer ,1950,
Greer ,1870,
Greer ,2010,
Greer ,1920,
Greer ,1960,
Greer ,1900,
Greer ,1890,"5,336"
Greer ,1930,
Greer ,2000,
Greer ,1940,
Greer ,1970,
Greer ,1910,
Gregg,1850,
Gregg,1950,"61,258"
Gregg,1860,
Gregg,1900,"12,343"
Gregg,2000,"111,379"
Gregg,1980,"99,487"
Gregg,1910,"14,140"
Gregg,1870,
Gregg,2010,"121,730"
Gregg,1890,"9,402"
Gregg,1990,"104,948"
Gregg,1940,"58,027"
Gregg,1960,"69,436"
Gregg,1880,"8,530"
Gregg,1920,"16,767"
Gregg,1970,"75,929"
Gregg,1930,"15,778"
Grimes,1950,"15,135"
Grimes,1990,"18,828"
Grimes,1920,"23,101"
Grimes,1940,"21,960"
Grimes,1970,"11,855"
Grimes,2000,"23,552"
Grimes,1890,"21,312"
Grimes,2010,"26,604"
Grimes,1980,"13,580"
Grimes,1930,"22,642"
Grimes,1850,"4,008"
Grimes,1880,"18,603"
Grimes,1870,"13,218"
Grimes,1960,"12,709"
Grimes,1910,"21,205"
Grimes,1900,"26,106"
Grimes,1860,"10,307"
Guadalupe,1920,"27,719"
Guadalupe,1880,"12,202"
Guadalupe,1960,"29,017"
Guadalupe,1860,"5,444"
Guadalupe,1890,"15,217"
Guadalupe,1930,"28,925"
Guadalupe,1950,"25,392"
Guadalupe,1940,"25,596"
Guadalupe,1900,"21,385"
Guadalupe,2000,"89,023"
Guadalupe,2010,"131,533"
Guadalupe,1990,"64,873"
Guadalupe,1980,"46,708"
Guadalupe,1910,"24,913"
Guadalupe,1850,"1,511"
Guadalupe,1870,"7,282"
Guadalupe,1970,"33,554"
Hale,1960,"36,798"
Hale,1930,"20,189"
Hale,1850,
Hale,1890,721
Hale,2010,"36,273"
Hale,1980,"37,592"
Hale,1970,"34,137"
Hale,1870,
Hale,1940,"18,813"
Hale,1860,
Hale,1990,"34,671"
Hale,2000,"36,602"
Hale,1950,"28,211"
Hale,1880,
Hale,1900,"1,680"
Hale,1910,"7,566"
Hale,1920,"10,104"
Hall,1920,"11,137"
Hall,2010,"3,353"
Hall,1990,"3,905"
Hall,1900,"1,660"
Hall,1980,"5,594"
Hall,2000,"3,782"
Hall,1960,"7,322"
Hall,1860,
Hall,1950,"10,930"
Hall,1910,"8,279"
Hall,1890,703
Hall,1930,"16,966"
Hall,1870,
Hall,1970,"6,015"
Hall,1880,36
Hall,1850,
Hall,1940,"12,117"
Hamilton ,1940,"13,303"
Hamilton ,1860,489
Hamilton ,2000,"8,229"
Hamilton ,1920,"14,676"
Hamilton ,1850,
Hamilton ,2010,"8,517"
Hamilton ,1870,733
Hamilton ,1950,"10,660"
Hamilton ,1890,"6,313"
Hamilton ,1930,"13,523"
Hamilton ,1910,"15,315"
Hamilton ,1960,"8,488"
Hamilton ,1980,"8,297"
Hamilton ,1970,"7,198"
Hamilton ,1990,"7,733"
Hamilton ,1900,"13,520"
Hamilton ,1880,"6,365"
Hansford,1970,"6,351"
Hansford,1960,"6,208"
Hansford,1900,167
Hansford,1860,
Hansford,1850,
Hansford,1930,"3,548"
Hansford,1920,"1,354"
Hansford,1950,"4,202"
Hansford,1890,133
Hansford,1880,18
Hansford,1980,"6,209"
Hansford,2010,"5,613"
Hansford,1910,935
Hansford,2000,"5,369"
Hansford,1990,"5,848"
Hansford,1870,
Hansford,1940,"2,783"
Hardeman ,1920,"12,487"
Hardeman ,1960,"8,275"
Hardeman ,1940,"11,073"
Hardeman ,1880,50
Hardeman ,1860,
Hardeman ,1850,
Hardeman ,1950,"10,212"
Hardeman ,1910,"11,213"
Hardeman ,2010,"4,139"
Hardeman ,2000,"4,724"
Hardeman ,1980,"6,368"
Hardeman ,1990,"5,283"
Hardeman ,1900,"3,634"
Hardeman ,1870,
Hardeman ,1930,"14,532"
Hardeman ,1970,"6,795"
Hardeman ,1890,"3,904"
Hardin,2010,"54,635"
Hardin,1870,"1,460"
Hardin,1960,"24,629"
Hardin,1990,"41,320"
Hardin,1860,"1,353"
Hardin,1920,"15,983"
Hardin,1930,"13,936"
Hardin,1880,"1,870"
Hardin,1950,"19,535"
Hardin,2000,"48,073"
Hardin,1910,"12,947"
Hardin,1980,"40,721"
Hardin,1940,"15,875"
Hardin,1850,
Hardin,1970,"29,996"
Hardin,1890,"3,956"
Hardin,1900,"5,049"
Harris,1980,"2,409,544"
Harris,1890,"37,249"
Harris,1930,"359,328"
Harris,1900,"63,786"
Harris,1990,"2,818,199"
Harris,1970,"1,741,912"
Harris,1940,"528,961"
Harris,1920,"186,667"
Harris,1960,"1,243,158"
Harris,1880,"27,985"
Harris,1870,"17,375"
Harris,1910,"115,693"
Harris,2010,"4,092,459"
Harris,1850,"4,668"
Harris,1860,"9,070"
Harris,1950,"806,701"
Harris,2000,"3,400,578"
Harrison,1900,"31,878"
Harrison,1970,"44,841"
Harrison,2010,"65,631"
Harrison,1950,"47,745"
Harrison,1930,"48,937"
Harrison,1990,"57,483"
Harrison,1920,"43,565"
Harrison,1850,"11,822"
Harrison,1870,"13,241"
Harrison,1890,"26,721"
Harrison,1860,"15,001"
Harrison,1980,"52,265"
Harrison,1960,"45,594"
Harrison,2000,"62,110"
Harrison,1910,"37,243"
Harrison,1880,"25,177"
Harrison,1940,"50,900"
Hartley,1880,100
Hartley,1860,
Hartley,1920,"1,109"
Hartley,1990,"3,634"
Hartley,2010,"6,062"
Hartley,1960,"2,171"
Hartley,1940,"1,873"
Hartley,1900,377
Hartley,1850,
Hartley,1970,"2,782"
Hartley,1910,"1,298"
Hartley,2000,"5,537"
Hartley,1980,"3,987"
Hartley,1950,"1,913"
Hartley,1930,"2,185"
Hartley,1890,252
Hartley,1870,
Haskell,2000,"6,093"
Haskell,1980,"7,725"
Haskell,1860,
Haskell,1890,"1,665"
Haskell,1850,
Haskell,1930,"16,669"
Haskell,1920,"14,193"
Haskell,2010,"5,899"
Haskell,1950,"13,736"
Haskell,1970,"8,512"
Haskell,1940,"14,905"
Haskell,1880,48
Haskell,1910,"16,249"
Haskell,1900,"2,637"
Haskell,1870,
Haskell,1990,"6,820"
Haskell,1960,"11,174"
Hays,1970,"27,642"
Hays,1890,"11,352"
Hays,1850,387
Hays,1910,"15,518"
Hays,1880,"7,555"
Hays,2010,"157,107"
Hays,1990,"65,614"
Hays,1930,"14,915"
Hays,1960,"19,934"
Hays,1940,"15,349"
Hays,1900,"14,142"
Hays,1860,"2,126"
Hays,1870,"4,088"
Hays,1950,"17,840"
Hays,2000,"97,589"
Hays,1980,"40,594"
Hays,1920,"15,920"
Hemphill ,1980,"5,304"
Hemphill ,1950,"4,123"
Hemphill ,1880,149
Hemphill ,1920,"4,280"
Hemphill ,1940,"4,170"
Hemphill ,2010,"3,807"
Hemphill ,1900,815
Hemphill ,1850,
Hemphill ,1990,"3,720"
Hemphill ,1960,"3,185"
Hemphill ,1910,"3,170"
Hemphill ,1930,"4,637"
Hemphill ,2000,"3,351"
Hemphill ,1860,
Hemphill ,1870,
Hemphill ,1970,"3,084"
Hemphill ,1890,519
Henderson,1970,"26,466"
Henderson,2010,"78,532"
Henderson,1950,"23,405"
Henderson,1960,"21,786"
Henderson,1990,"58,543"
Henderson,1930,"30,583"
Henderson,1940,"31,822"
Henderson,1890,"12,285"
Henderson,1870,"6,786"
Henderson,1920,"28,327"
Henderson,1980,"42,606"
Henderson,1880,"9,735"
Henderson,1850,"1,237"
Henderson,1910,"20,131"
Henderson,1860,"4,595"
Henderson,2000,"73,277"
Henderson,1900,"19,970"
Hidalgo  ,1960,"180,904"
Hidalgo  ,1850,
Hidalgo  ,1900,"6,837"
Hidalgo  ,1940,"106,059"
Hidalgo  ,1860,"1,182"
Hidalgo  ,1930,"77,004"
Hidalgo  ,1980,"283,229"
Hidalgo  ,1870,"2,387"
Hidalgo  ,2000,"569,463"
Hidalgo  ,2010,"774,769"
Hidalgo  ,1950,"160,446"
Hidalgo  ,1910,"13,728"
Hidalgo  ,1890,"6,534"
Hidalgo  ,1880,"4,347"
Hidalgo  ,1970,"181,535"
Hidalgo  ,1920,"38,110"
Hidalgo  ,1990,"383,545"
Hill,1870,"7,453"
Hill,1950,"31,282"
Hill,1900,"41,355"
Hill,1910,"46,760"
Hill,1960,"23,650"
Hill,1970,"22,596"
Hill,1940,"38,355"
Hill,1850,
Hill,1920,"43,332"
Hill,1880,"16,554"
Hill,1890,"27,583"
Hill,1930,"43,036"
Hill,1990,"27,146"
Hill,2000,"32,321"
Hill,2010,"35,089"
Hill,1980,"25,024"
Hill,1860,"3,653"
Hockley,1870,
Hockley,1980,"23,230"
Hockley,1930,"9,298"
Hockley,1890,
Hockley,1910,137
Hockley,1970,"20,396"
Hockley,2000,"22,716"
Hockley,1990,"24,199"
Hockley,1950,"20,407"
Hockley,1900,44
Hockley,2010,"22,935"
Hockley,1860,
Hockley,1940,"12,693"
Hockley,1880,
Hockley,1920,137
Hockley,1960,"22,340"
Hockley,1850,
Hood,1980,"17,714"
Hood,1890,"7,614"
Hood,1860,
Hood,1950,"5,287"
Hood,2010,"51,182"
Hood,1870,"2,585"
Hood,1850,
Hood,1920,"8,759"
Hood,1940,"6,674"
Hood,1990,"28,981"
Hood,1910,"10,008"
Hood,1900,"9,146"
Hood,1880,"6,125"
Hood,1930,"6,779"
Hood,1970,"6,368"
Hood,1960,"5,443"
Hood,2000,"41,100"
Hopkins,1910,"31,038"
Hopkins,1900,"27,950"
Hopkins,1860,"7,745"
Hopkins,1960,"18,594"
Hopkins,1980,"25,247"
Hopkins,1930,"29,410"
Hopkins,1850,"2,623"
Hopkins,1870,"12,651"
Hopkins,1920,"34,791"
Hopkins,1950,"23,490"
Hopkins,1880,"15,461"
Hopkins,1970,"20,710"
Hopkins,2010,"35,161"
Hopkins,1890,"20,572"
Hopkins,1940,"30,264"
Hopkins,2000,"31,960"
Hopkins,1990,"28,833"
Houston,1870,"8,147"
Houston,1880,"16,702"
Houston,1970,"17,855"
Houston,1960,"19,276"
Houston,1900,"25,452"
Houston,1990,"21,375"
Houston,2000,"23,185"
Houston,1860,"8,058"
Houston,1950,"22,825"
Houston,1940,"31,137"
Houston,1890,"19,360"
Houston,2010,"23,732"
Houston,1920,"28,601"
Houston,1930,"30,017"
Houston,1980,"22,299"
Houston,1850,"2,721"
Houston,1910,"29,564"
Howard,1850,
Howard,2010,"35,012"
Howard,1930,"22,888"
Howard,1950,"26,722"
Howard,1960,"40,139"
Howard,1990,"32,343"
Howard,1880,50
Howard,1980,"33,142"
Howard,1920,"6,962"
Howard,2000,"33,627"
Howard,1970,"37,796"
Howard,1860,
Howard,1870,
Howard,1940,"20,990"
Howard,1910,"8,881"
Howard,1890,"1,210"
Howard,1900,"2,528"
Hudspeth ,1900,
Hudspeth ,1930,"3,728"
Hudspeth ,1940,"3,149"
Hudspeth ,1990,"2,915"
Hudspeth ,1960,"3,343"
Hudspeth ,2000,"3,344"
Hudspeth ,1950,"4,298"
Hudspeth ,1870,
Hudspeth ,1910,
Hudspeth ,1860,
Hudspeth ,1880,
Hudspeth ,1850,
Hudspeth ,1890,
Hudspeth ,1970,"2,392"
Hudspeth ,1980,"2,728"
Hudspeth ,1920,962
Hudspeth ,2010,"3,476"
Hunt,1910,"48,116"
Hunt,2010,"86,129"
Hunt,1870,"10,291"
Hunt,1860,"6,630"
Hunt,1970,"47,948"
Hunt,1960,"39,399"
Hunt,2000,"76,596"
Hunt,1920,"50,350"
Hunt,1990,"64,343"
Hunt,1950,"42,731"
Hunt,1930,"49,016"
Hunt,1980,"55,248"
Hunt,1890,"31,885"
Hunt,1940,"48,793"
Hunt,1880,"17,230"
Hunt,1850,"1,520"
Hunt,1900,"47,295"
Hutchinson,1950,"31,580"
Hutchinson,1890,58
Hutchinson,2000,"23,857"
Hutchinson,1870,
Hutchinson,1920,721
Hutchinson,1850,
Hutchinson,1900,303
Hutchinson,1980,"26,304"
Hutchinson,1930,"14,848"
Hutchinson,1910,892
Hutchinson,1940,"19,069"
Hutchinson,1990,"25,689"
Hutchinson,2010,"22,150"
Hutchinson,1960,"34,419"
Hutchinson,1860,
Hutchinson,1970,"24,443"
Hutchinson,1880,50
Irion ,1960,"1,183"
Irion ,1900,848
Irion ,1890,870
Irion ,1870,
Irion ,1980,"1,386"
Irion ,1880,
Irion ,1970,"1,070"
Irion ,1990,"1,629"
Irion ,1950,"1,590"
Irion ,1940,"1,963"
Irion ,1850,
Irion ,1910,"1,283"
Irion ,1920,"1,610"
Irion ,2010,"1,599"
Irion ,1930,"2,049"
Irion ,2000,"1,771"
Irion ,1860,
Jack,1860,"1,000"
Jack,1880,"6,626"
Jack,1900,"10,224"
Jack,1990,"6,981"
Jack,2010,"9,044"
Jack,1970,"6,711"
Jack,1940,"10,206"
Jack,1910,"11,817"
Jack,2000,"8,763"
Jack,1930,"9,046"
Jack,1890,"9,740"
Jack,1920,"9,863"
Jack,1950,"7,755"
Jack,1850,
Jack,1960,"7,418"
Jack,1870,694
Jack,1980,"7,408"
Jackson,1940,"11,720"
Jackson,1900,"6,094"
Jackson,1880,"2,723"
Jackson,1980,"13,352"
Jackson,1960,"14,040"
Jackson,1930,"10,980"
Jackson,1850,996
Jackson,1970,"12,975"
Jackson,2010,"14,075"
Jackson,1990,"13,039"
Jackson,1870,"2,278"
Jackson,2000,"14,391"
Jackson,1860,"2,612"
Jackson,1890,"3,281"
Jackson,1950,"12,916"
Jackson,1910,"6,471"
Jackson,1920,"11,244"
Jasper,1880,"5,779"
Jasper,1920,"15,569"
Jasper,1890,"5,592"
Jasper,1850,"1,767"
Jasper,1930,"17,064"
Jasper,2010,"35,710"
Jasper,1970,"24,692"
Jasper,2000,"35,604"
Jasper,1870,"4,218"
Jasper,1860,"4,037"
Jasper,1910,"14,000"
Jasper,1940,"17,491"
Jasper,1950,"20,049"
Jasper,1980,"30,781"
Jasper,1960,"22,100"
Jasper,1900,"7,138"
Jasper,1990,"31,102"
Jeff Davis ,1990,"1,946"
Jeff Davis ,1920,"1,445"
Jeff Davis ,1870,
Jeff Davis ,1950,"2,090"
Jeff Davis ,1970,"1,527"
Jeff Davis ,1910,"1,678"
Jeff Davis ,1890,"1,394"
Jeff Davis ,1960,"1,582"
Jeff Davis ,2000,"2,207"
Jeff Davis ,1930,"1,800"
Jeff Davis ,1980,"1,647"
Jeff Davis ,1900,"1,150"
Jeff Davis ,1880,
Jeff Davis ,1940,"2,375"
Jeff Davis ,1850,
Jeff Davis ,2010,"2,342"
Jeff Davis ,1860,
Jefferson,1940,"145,329"
Jefferson,1950,"195,083"
Jefferson,1960,"245,659"
Jefferson,2010,"252,273"
Jefferson,1990,"239,397"
Jefferson,2000,"252,051"
Jefferson,1970,"244,773"
Jefferson,1980,"250,938"
Jefferson,1930,"133,391"
Jefferson,1860,"1,995"
Jefferson,1910,"38,182"
Jefferson,1890,"5,857"
Jefferson,1850,"1,836"
Jefferson,1900,"14,239"
Jefferson,1870,"1,906"
Jefferson,1880,"3,489"
Jefferson,1920,"73,120"
Jim Hogg  ,1970,"4,654"
Jim Hogg  ,1940,"5,449"
Jim Hogg  ,1910,
Jim Hogg  ,1950,"5,389"
Jim Hogg  ,1850,
Jim Hogg  ,2010,"5,300"
Jim Hogg  ,1990,"5,109"
Jim Hogg  ,1870,
Jim Hogg  ,1920,"1,914"
Jim Hogg  ,1880,
Jim Hogg  ,1890,
Jim Hogg  ,1960,"5,022"
Jim Hogg  ,2000,"5,281"
Jim Hogg  ,1860,
Jim Hogg  ,1930,"4,919"
Jim Hogg  ,1900,
Jim Hogg  ,1980,"5,168"
Jim Wells ,1940,"20,239"
Jim Wells ,1860,
Jim Wells ,2000,"39,326"
Jim Wells ,1970,"33,032"
Jim Wells ,2010,"40,838"
Jim Wells ,1990,"37,679"
Jim Wells ,1960,"34,548"
Jim Wells ,1900,
Jim Wells ,1870,
Jim Wells ,1850,
Jim Wells ,1880,
Jim Wells ,1910,
Jim Wells ,1890,
Jim Wells ,1920,"6,587"
Jim Wells ,1950,"27,991"
Jim Wells ,1930,"13,456"
Jim Wells ,1980,"36,498"
Johnson,1930,"33,317"
Johnson,1970,"45,769"
Johnson,1940,"30,384"
Johnson,1880,"17,911"
Johnson,1870,"4,923"
Johnson,1980,"67,649"
Johnson,1900,"33,819"
Johnson,2000,"126,811"
Johnson,1990,"97,165"
Johnson,2010,"150,934"
Johnson,1860,"4,305"
Johnson,1920,"37,286"
Johnson,1950,"31,390"
Johnson,1850,
Johnson,1890,"22,313"
Johnson,1910,"24,460"
Johnson,1960,"34,720"
Jones,1900,"7,053"
Jones,1860,
Jones,1880,546
Jones,1890,"3,797"
Jones,1970,"16,106"
Jones,2000,"20,785"
Jones,1910,"24,299"
Jones,1960,"19,299"
Jones,1850,
Jones,1950,"22,147"
Jones,1920,"22,323"
Jones,1990,"16,490"
Jones,1930,"24,233"
Jones,1940,"23,378"
Jones,1870,
Jones,2010,"20,202"
Jones,1980,"17,268"
Karnes,1980,"13,593"
Karnes,1920,"19,049"
Karnes,2010,"14,824"
Karnes,1880,"3,270"
Karnes,1940,"19,248"
Karnes,1960,"14,995"
Karnes,1850,
Karnes,1900,"8,681"
Karnes,2000,"15,446"
Karnes,1910,"14,942"
Karnes,1890,"3,637"
Karnes,1860,"2,171"
Karnes,1990,"12,455"
Karnes,1870,"1,705"
Karnes,1930,"23,316"
Karnes,1970,"13,462"
Karnes,1950,"17,139"
Kaufman,1960,"29,931"
Kaufman,1850,"1,047"
Kaufman,1940,"38,308"
Kaufman,1990,"52,220"
Kaufman,1910,"35,323"
Kaufman,2010,"103,350"
Kaufman,1870,"6,895"
Kaufman,1890,"21,598"
Kaufman,1950,"31,170"
Kaufman,1880,"15,448"
Kaufman,1920,"41,276"
Kaufman,2000,"71,313"
Kaufman,1970,"32,392"
Kaufman,1930,"40,905"
Kaufman,1860,"3,936"
Kaufman,1900,"33,376"
Kaufman,1980,"39,015"
Kendall,1920,"4,779"
Kendall,2000,"23,743"
Kendall,1960,"5,889"
Kendall,1890,"3,826"
Kendall,1990,"14,589"
Kendall,1910,"4,517"
Kendall,1930,"4,970"
Kendall,1880,"2,763"
Kendall,2010,"33,410"
Kendall,1980,"10,635"
Kendall,1870,"1,536"
Kendall,1900,"4,103"
Kendall,1940,"5,080"
Kendall,1950,"5,423"
Kendall,1970,"6,964"
Kendall,1860,
Kendall,1850,
Kenedy  ,1950,632
Kenedy  ,1980,543
Kenedy  ,1960,884
Kenedy  ,1910,
Kenedy  ,1920,"1,033"
Kenedy  ,1930,701
Kenedy  ,2010,416
Kenedy  ,1850,
Kenedy  ,1940,700
Kenedy  ,1870,
Kenedy  ,1900,
Kenedy  ,1860,
Kenedy  ,1970,678
Kenedy  ,1880,
Kenedy  ,1890,
Kenedy  ,2000,414
Kenedy  ,1990,460
Kent,1900,899
Kent,2000,859
Kent,1950,"2,249"
Kent,1980,"1,145"
Kent,1970,"1,434"
Kent,1850,
Kent,1940,"3,413"
Kent,1860,
Kent,1870,
Kent,2010,808
Kent,1930,"3,851"
Kent,1960,"1,727"
Kent,1990,"1,010"
Kent,1890,324
Kent,1910,"2,655"
Kent,1920,"3,335"
Kent,1880,92
Kerr ,1990,"36,304"
Kerr ,1980,"28,780"
Kerr ,1920,"5,842"
Kerr ,1960,"16,800"
Kerr ,1910,"5,505"
Kerr ,1870,"1,042"
Kerr ,1860,634
Kerr ,1900,"4,980"
Kerr ,2000,"43,653"
Kerr ,1950,"14,022"
Kerr ,1880,"2,168"
Kerr ,1940,"11,650"
Kerr ,1930,"10,151"
Kerr ,1890,"4,462"
Kerr ,2010,"49,625"
Kerr ,1850,
Kerr ,1970,"19,454"
Kimble,1920,"3,581"
Kimble,1930,"4,119"
Kimble,1950,"4,619"
Kimble,1940,"5,064"
Kimble,2000,"4,468"
Kimble,1910,"3,261"
Kimble,2010,"4,607"
Kimble,1850,
Kimble,1970,"3,904"
Kimble,1860,
Kimble,1900,"2,503"
Kimble,1870,72
Kimble,1890,"2,243"
Kimble,1880,"1,343"
Kimble,1980,"4,063"
Kimble,1990,"4,122"
Kimble,1960,"3,943"
King,2000,356
King,1910,810
King,1960,640
King,1870,
King,1980,425
King,1900,490
King,1920,655
King,2010,286
King,1850,
King,1940,"1,066"
King,1950,870
King,1970,464
King,1990,354
King,1890,173
King,1880,40
King,1860,
King,1930,"1,193"
Kinney ,1850,
Kinney ,1880,"4,487"
Kinney ,1890,"3,781"
Kinney ,1990,"3,119"
Kinney ,1970,"2,006"
Kinney ,1960,"2,452"
Kinney ,1860,61
Kinney ,1900,"2,447"
Kinney ,1920,"3,746"
Kinney ,1870,"1,204"
Kinney ,2010,"3,598"
Kinney ,1940,"4,533"
Kinney ,1950,"2,668"
Kinney ,2000,"3,379"
Kinney ,1930,"3,980"
Kinney ,1910,"3,401"
Kinney ,1980,"2,279"
Kleberg ,1890,
Kleberg ,1920,"7,837"
Kleberg ,1900,
Kleberg ,1930,"12,451"
Kleberg ,1860,
Kleberg ,1940,"13,344"
Kleberg ,1880,
Kleberg ,1870,
Kleberg ,2010,"32,061"
Kleberg ,1950,"21,991"
Kleberg ,1850,
Kleberg ,1910,
Kleberg ,1960,"30,052"
Kleberg ,1980,"33,358"
Kleberg ,1990,"30,274"
Kleberg ,1970,"33,166"
Kleberg ,2000,"31,549"
Knox ,1890,"1,134"
Knox ,1850,
Knox ,1940,"10,090"
Knox ,1990,"4,837"
Knox ,2010,"3,719"
Knox ,1980,"5,329"
Knox ,1870,
Knox ,1910,"9,625"
Knox ,1920,"9,240"
Knox ,1970,"5,972"
Knox ,2000,"4,253"
Knox ,1950,"10,082"
Knox ,1930,"11,368"
Knox ,1880,77
Knox ,1900,"2,322"
Knox ,1860,
Knox ,1960,"7,857"
La Salle,1950,"7,485"
La Salle,1880,789
La Salle,1940,"8,003"
La Salle,1930,"8,228"
La Salle,1970,"5,014"
La Salle,1980,"5,514"
La Salle,1960,"5,972"
La Salle,1860,
La Salle,2010,"6,886"
La Salle,1890,"2,139"
La Salle,1920,"4,821"
La Salle,2000,"5,866"
La Salle,1910,"4,747"
La Salle,1870,69
La Salle,1990,"5,254"
La Salle,1900,"2,303"
La Salle,1850,
Lamar,1950,"43,033"
Lamar,1990,"43,949"
Lamar,1890,"37,302"
Lamar,1930,"48,529"
Lamar,1980,"42,156"
Lamar,1850,"3,978"
Lamar,1910,"46,544"
Lamar,1920,"55,742"
Lamar,1940,"50,425"
Lamar,1900,"48,627"
Lamar,1860,"10,136"
Lamar,1870,"15,790"
Lamar,2010,"49,793"
Lamar,2000,"48,499"
Lamar,1960,"34,234"
Lamar,1880,"27,193"
Lamar,1970,"36,062"
Lamb,2000,"14,709"
Lamb,1900,31
Lamb,1970,"17,770"
Lamb,1870,
Lamb,1890,4
Lamb,1980,"18,669"
Lamb,1860,
Lamb,2010,"13,977"
Lamb,1920,"1,175"
Lamb,1950,"20,015"
Lamb,1850,
Lamb,1940,"17,606"
Lamb,1930,"17,452"
Lamb,1990,"15,072"
Lamb,1910,540
Lamb,1960,"21,896"
Lamb,1880,
Lampasas ,1930,"8,677"
Lampasas ,2000,"17,762"
Lampasas ,1990,"13,521"
Lampasas ,1960,"9,418"
Lampasas ,1950,"9,929"
Lampasas ,2010,"19,677"
Lampasas ,1870,"1,344"
Lampasas ,1900,"8,625"
Lampasas ,1920,"8,800"
Lampasas ,1970,"9,323"
Lampasas ,1910,"9,532"
Lampasas ,1860,"1,028"
Lampasas ,1880,"5,421"
Lampasas ,1940,"9,167"
Lampasas ,1980,"12,005"
Lampasas ,1850,
Lampasas ,1890,"7,584"
Lavaca,1990,"18,690"
Lavaca,1980,"19,004"
Lavaca,2010,"19,263"
Lavaca,1930,"27,550"
Lavaca,1960,"20,174"
Lavaca,1940,"25,485"
Lavaca,2000,"19,210"
Lavaca,1870,"9,168"
Lavaca,1910,"26,418"
Lavaca,1890,"21,887"
Lavaca,1850,"1,571"
Lavaca,1950,"22,159"
Lavaca,1880,"13,641"
Lavaca,1920,"28,964"
Lavaca,1860,"5,945"
Lavaca,1970,"17,903"
Lavaca,1900,"28,121"
Lee,1930,"13,390"
Lee,1990,"12,854"
Lee,1980,"10,952"
Lee,1960,"8,949"
Lee,1890,"11,952"
Lee,2010,"16,612"
Lee,1880,"8,937"
Lee,1940,"12,751"
Lee,1920,"14,014"
Lee,2000,"15,657"
Lee,1900,"14,595"
Lee,1860,
Lee,1850,
Lee,1870,
Lee,1950,"10,144"
Lee,1910,"13,132"
Lee,1970,"8,048"
Leon,1880,"12,817"
Leon,1950,"12,024"
Leon,1870,"6,523"
Leon,1970,"8,738"
Leon,1930,"19,898"
Leon,2010,"16,801"
Leon,1960,"9,951"
Leon,2000,"15,335"
Leon,1980,"9,594"
Leon,1940,"17,733"
Leon,1890,"13,841"
Leon,1910,"16,583"
Leon,1860,"6,781"
Leon,1990,"12,665"
Leon,1920,"18,286"
Leon,1850,"1,946"
Leon,1900,"18,072"
Liberty,1890,"4,230"
Liberty,1860,"3,189"
Liberty,1910,"10,686"
Liberty,1870,"4,414"
Liberty,1980,"47,088"
Liberty,1930,"19,868"
Liberty,1950,"26,729"
Liberty,1990,"52,726"
Liberty,1880,"4,999"
Liberty,1940,"24,541"
Liberty,1850,"2,522"
Liberty,1970,"33,014"
Liberty,2000,"70,154"
Liberty,1960,"31,595"
Liberty,2010,"75,643"
Liberty,1900,"8,102"
Liberty,1920,"14,637"
Limestone,1940,"33,781"
Limestone,2000,"22,051"
Limestone,1970,"18,100"
Limestone,1930,"39,497"
Limestone,1900,"32,573"
Limestone,1960,"20,413"
Limestone,1890,"21,678"
Limestone,1920,"33,283"
Limestone,1990,"20,946"
Limestone,1980,"20,224"
Limestone,2010,"23,384"
Limestone,1950,"25,251"
Limestone,1850,"2,608"
Limestone,1860,"4,537"
Limestone,1880,"16,246"
Limestone,1870,"8,591"
Limestone,1910,"34,621"
Lipscomb ,1870,
Lipscomb ,2000,"3,057"
Lipscomb ,1920,"3,684"
Lipscomb ,1890,632
Lipscomb ,1900,790
Lipscomb ,1990,"3,143"
Lipscomb ,2010,"3,302"
Lipscomb ,1850,
Lipscomb ,1910,"2,634"
Lipscomb ,1960,"3,406"
Lipscomb ,1940,"3,764"
Lipscomb ,1980,"3,766"
Lipscomb ,1950,"3,658"
Lipscomb ,1860,
Lipscomb ,1880,69
Lipscomb ,1970,"3,486"
Lipscomb ,1930,"4,512"
Live Oak,1890,"2,055"
Live Oak,1960,"7,846"
Live Oak,2010,"11,531"
Live Oak,1880,"1,994"
Live Oak,1900,"2,268"
Live Oak,1910,"3,442"
Live Oak,1970,"6,697"
Live Oak,1920,"4,171"
Live Oak,1850,
Live Oak,2000,"12,309"
Live Oak,1860,593
Live Oak,1930,"8,956"
Live Oak,1870,852
Live Oak,1940,"9,799"
Live Oak,1950,"9,054"
Live Oak,1980,"9,606"
Live Oak,1990,"9,556"
Llano,1900,"7,301"
Llano,1860,"1,101"
Llano,1950,"5,377"
Llano,2010,"19,301"
Llano,1880,"4,962"
Llano,1940,"5,996"
Llano,1960,"5,240"
Llano,1910,"6,520"
Llano,1850,
Llano,1890,"6,772"
Llano,1990,"11,631"
Llano,1970,"6,979"
Llano,1930,"5,538"
Llano,1920,"5,360"
Llano,2000,"17,044"
Llano,1980,"10,144"
Llano,1870,"1,379"
Loving ,1930,195
Loving ,1920,82
Loving ,1970,164
Loving ,1960,226
Loving ,1990,107
Loving ,1880,
Loving ,1850,
Loving ,1910,249
Loving ,1950,227
Loving ,1940,285
Loving ,1860,
Loving ,2000,67
Loving ,1870,
Loving ,1900,33
Loving ,2010,82
Loving ,1980,91
Loving ,1890,3
Lubbock,1870,
Lubbock,1920,"11,096"
Lubbock,1980,"211,651"
Lubbock,1990,"222,636"
Lubbock,2000,"242,628"
Lubbock,1900,293
Lubbock,1850,
Lubbock,1970,"179,295"
Lubbock,1880,25
Lubbock,1860,
Lubbock,1960,"156,271"
Lubbock,1890,33
Lubbock,1930,"39,104"
Lubbock,1940,"51,782"
Lubbock,1910,"3,624"
Lubbock,1950,"101,048"
Lubbock,2010,"278,831"
Lynn,1910,"1,713"
Lynn,1990,"6,758"
Lynn,1980,"8,605"
Lynn,1900,17
Lynn,1890,24
Lynn,1930,"12,372"
Lynn,2010,"5,915"
Lynn,1850,
Lynn,1970,"9,107"
Lynn,1960,"10,914"
Lynn,1920,"4,751"
Lynn,1880,9
Lynn,1870,
Lynn,1950,"11,030"
Lynn,1940,"11,931"
Lynn,2000,"6,550"
Lynn,1860,
Madison,1960,"6,749"
Madison,1850,
Madison,1880,"5,395"
Madison,1860,"2,238"
Madison,1900,"10,432"
Madison,2010,"13,664"
Madison,1970,"7,693"
Madison,1940,"12,029"
Madison,1990,"10,931"
Madison,1890,"8,512"
Madison,2000,"12,940"
Madison,1910,"10,318"
Madison,1980,"10,649"
Madison,1930,"12,227"
Madison,1950,"7,996"
Madison,1920,"11,956"
Madison,1870,"4,061"
Marion,1890,"10,862"
Marion,1930,"10,371"
Marion,2000,"10,941"
Marion,1860,"3,977"
Marion,1910,"10,472"
Marion,1880,"10,983"
Marion,1970,"8,517"
Marion,2010,"10,546"
Marion,1990,"9,984"
Marion,1940,"11,457"
Marion,1850,
Marion,1980,"10,360"
Marion,1960,"8,049"
Marion,1950,"10,172"
Marion,1900,"10,754"
Marion,1870,"8,562"
Marion,1920,"10,886"
Martin,1970,"4,774"
Martin,1880,12
Martin,1870,
Martin,1980,"4,684"
Martin,1960,"5,068"
Martin,1950,"5,541"
Martin,1900,332
Martin,1890,264
Martin,1990,"4,956"
Martin,2000,"4,746"
Martin,1860,
Martin,2010,"4,799"
Martin,1850,
Martin,1920,"1,146"
Martin,1930,"5,785"
Martin,1910,"1,549"
Martin,1940,"5,556"
Mason,1910,"5,683"
Mason,1880,"2,655"
Mason,2000,"3,738"
Mason,1970,"3,356"
Mason,1890,"5,180"
Mason,1850,
Mason,2010,"4,012"
Mason,1870,678
Mason,1960,"3,780"
Mason,1990,"3,423"
Mason,1930,"5,511"
Mason,1860,630
Mason,1950,"4,945"
Mason,1920,"4,824"
Mason,1940,"5,378"
Mason,1900,"5,573"
Mason,1980,"3,683"
Matagorda,1990,"36,928"
Matagorda,2010,"36,702"
Matagorda,1860,"3,454"
Matagorda,1850,"2,124"
Matagorda,1940,"20,066"
Matagorda,1970,"27,913"
Matagorda,1870,"3,377"
Matagorda,1880,"3,940"
Matagorda,1920,"16,589"
Matagorda,1960,"25,744"
Matagorda,1900,"6,097"
Matagorda,1980,"37,828"
Matagorda,2000,"37,957"
Matagorda,1930,"17,678"
Matagorda,1910,"13,594"
Matagorda,1950,"21,559"
Matagorda,1890,"3,985"
Maverick,1870,"1,951"
Maverick,1880,"2,967"
Maverick,1900,"4,066"
Maverick,2000,"47,297"
Maverick,1970,"18,093"
Maverick,1950,"12,292"
Maverick,1850,
Maverick,1890,"3,698"
Maverick,2010,"54,258"
Maverick,1960,"14,508"
Maverick,1990,"36,378"
Maverick,1930,"6,120"
Maverick,1940,"10,071"
Maverick,1910,"5,151"
Maverick,1980,"31,398"
Maverick,1920,"7,418"
Maverick,1860,726
McCulloch,1870,173
McCulloch,1880,"1,533"
McCulloch,1900,"3,960"
McCulloch,2000,"8,205"
McCulloch,1970,"8,571"
McCulloch,1920,"11,020"
McCulloch,1950,"11,701"
McCulloch,1850,
McCulloch,1910,"13,405"
McCulloch,1860,
McCulloch,1890,"3,217"
McCulloch,2010,"8,283"
McCulloch,1940,"13,208"
McCulloch,1930,"13,883"
McCulloch,1980,"8,735"
McCulloch,1960,"8,815"
McCulloch,1990,"8,778"
McLennan,1870,"13,500"
McLennan,1890,"39,204"
McLennan,1880,"26,934"
McLennan,1980,"170,755"
McLennan,1940,"101,898"
McLennan,1900,"59,772"
McLennan,1910,"73,250"
McLennan,1990,"189,123"
McLennan,1950,"130,194"
McLennan,2000,"213,517"
McLennan,1970,"147,553"
McLennan,1960,"150,091"
McLennan,2010,"234,906"
McLennan,1850,
McLennan,1860,"6,206"
McLennan,1920,"82,921"
McLennan,1930,"98,682"
McMullen,1940,"1,374"
McMullen,1920,952
McMullen,1850,
McMullen,1930,"1,351"
McMullen,1960,"1,116"
McMullen,1880,701
McMullen,2000,851
McMullen,1980,789
McMullen,2010,707
McMullen,1990,817
McMullen,1870,230
McMullen,1890,"1,038"
McMullen,1860,
McMullen,1910,"1,091"
McMullen,1900,"1,024"
McMullen,1950,"1,187"
McMullen,1970,"1,095"
Medina,2010,"46,006"
Medina,1990,"27,312"
Medina,1860,"1,838"
Medina,1920,"11,679"
Medina,1910,"13,415"
Medina,1950,"17,013"
Medina,2000,"39,304"
Medina,1960,"18,904"
Medina,1850,909
Medina,1900,"7,783"
Medina,1980,"23,164"
Medina,1930,"13,989"
Medina,1940,"16,106"
Medina,1890,"5,730"
Medina,1880,"4,492"
Medina,1870,"2,078"
Medina,1970,"20,249"
Menard,1890,"1,215"
Menard,2010,"2,242"
Menard,1920,"3,162"
Menard,1980,"2,346"
Menard,1940,"4,521"
Menard,1930,"4,447"
Menard,1910,"2,707"
Menard,1990,"2,252"
Menard,1860,
Menard,1960,"2,964"
Menard,2000,"2,360"
Menard,1970,"2,646"
Menard,1850,
Menard,1880,"1,239"
Menard,1900,"2,011"
Menard,1950,"4,175"
Menard,1870,667
Midland ,1950,"25,785"
Midland ,2000,"116,009"
Midland ,1870,
Midland ,1920,"2,449"
Midland ,1940,"11,721"
Midland ,1960,"67,717"
Midland ,1850,
Midland ,1900,"1,741"
Midland ,1930,"8,005"
Midland ,1880,
Midland ,1970,"65,433"
Midland ,1990,"106,611"
Midland ,1910,"3,464"
Midland ,2010,"136,872"
Midland ,1890,"1,033"
Midland ,1980,"82,636"
Midland ,1860,
Milam,1940,"33,120"
Milam,1900,"39,666"
Milam,1960,"22,263"
Milam,1870,"8,984"
Milam,2000,"24,238"
Milam,1890,"24,773"
Milam,1850,"2,907"
Milam,1950,"23,585"
Milam,1930,"37,915"
Milam,1980,"22,732"
Milam,2010,"24,757"
Milam,1920,"38,104"
Milam,1990,"22,946"
Milam,1860,"5,175"
Milam,1880,"18,659"
Milam,1970,"20,028"
Milam,1910,"36,780"
Mills ,1880,
Mills ,1860,
Mills ,1930,"8,293"
Mills ,2010,"4,936"
Mills ,1890,"5,493"
Mills ,1970,"4,212"
Mills ,1990,"4,531"
Mills ,1900,"7,851"
Mills ,1850,
Mills ,2000,"5,151"
Mills ,1950,"5,999"
Mills ,1980,"4,477"
Mills ,1920,"9,019"
Mills ,1870,
Mills ,1910,"9,694"
Mills ,1960,"4,467"
Mills ,1940,"7,951"
Mitchell,1930,"14,183"
Mitchell,1940,"12,477"
Mitchell,1880,117
Mitchell,1960,"11,255"
Mitchell,2010,"9,403"
Mitchell,1890,"2,059"
Mitchell,2000,"9,698"
Mitchell,1850,
Mitchell,1920,"7,527"
Mitchell,1970,"9,073"
Mitchell,1870,
Mitchell,1950,"14,357"
Mitchell,1980,"9,088"
Mitchell,1900,"2,855"
Mitchell,1860,
Mitchell,1990,"8,016"
Mitchell,1910,"8,956"
Montague,1990,"17,274"
Montague,1970,"15,326"
Montague,1880,"11,257"
Montague,1900,"24,800"
Montague,1870,890
Montague,2000,"19,117"
Montague,1850,
Montague,1980,"17,410"
Montague,1960,"14,893"
Montague,1860,849
Montague,1940,"20,442"
Montague,1920,"22,200"
Montague,1950,"17,070"
Montague,1930,"19,159"
Montague,1890,"18,863"
Montague,2010,"19,719"
Montague,1910,"25,123"
Montgomery,1940,"23,055"
Montgomery,1900,"17,067"
Montgomery,1960,"26,839"
Montgomery,1980,"128,487"
Montgomery,1950,"24,504"
Montgomery,1850,"2,384"
Montgomery,2000,"293,768"
Montgomery,1870,"6,483"
Montgomery,1930,"14,588"
Montgomery,1860,"5,479"
Montgomery,1970,"49,479"
Montgomery,1880,"10,154"
Montgomery,2010,"455,746"
Montgomery,1920,"17,334"
Montgomery,1890,"11,765"
Montgomery,1910,"15,679"
Montgomery,1990,"182,201"
Moore,1910,561
Moore,1920,571
Moore,2010,"21,904"
Moore,1960,"14,773"
Moore,1890,15
Moore,1850,
Moore,1950,"13,349"
Moore,1870,
Moore,1970,"14,060"
Moore,1880,
Moore,1990,"17,865"
Moore,1930,"1,555"
Moore,2000,"20,121"
Moore,1980,"16,575"
Moore,1940,"4,461"
Moore,1900,209
Moore,1860,
Morris,1990,"13,200"
Morris,1890,"6,580"
Morris,1910,"10,439"
Morris,1870,
Morris,1970,"12,310"
Morris,2010,"12,934"
Morris,1960,"12,576"
Morris,1980,"14,629"
Morris,1930,"10,028"
Morris,1860,
Morris,2000,"13,048"
Morris,1940,"9,810"
Morris,1880,"5,032"
Morris,1850,
Morris,1950,"9,433"
Morris,1920,"10,289"
Morris,1900,"8,220"
Motley,1850,
Motley,1890,139
Motley,1910,"2,396"
Motley,1870,
Motley,1920,"4,107"
Motley,1970,"2,178"
Motley,1990,"1,532"
Motley,1940,"4,994"
Motley,2000,"1,426"
Motley,1860,
Motley,2010,"1,210"
Motley,1960,"2,870"
Motley,1900,"1,257"
Motley,1980,"1,950"
Motley,1930,"6,812"
Motley,1950,"3,963"
Motley,1880,24
Nacogdoches,1990,"54,753"
Nacogdoches,2010,"64,524"
Nacogdoches,1850,"5,193"
Nacogdoches,1890,"15,984"
Nacogdoches,2000,"59,203"
Nacogdoches,1880,"11,590"
Nacogdoches,1870,"9,614"
Nacogdoches,1980,"46,786"
Nacogdoches,1920,"28,457"
Nacogdoches,1910,"27,406"
Nacogdoches,1950,"30,326"
Nacogdoches,1970,"36,362"
Nacogdoches,1860,"8,292"
Nacogdoches,1900,"24,663"
Nacogdoches,1960,"28,046"
Nacogdoches,1930,"30,290"
Nacogdoches,1940,"35,392"
Navarro,1900,"43,374"
Navarro,1980,"35,323"
Navarro,1850,"2,190"
Navarro,1920,"50,624"
Navarro,1950,"39,916"
Navarro,1960,"34,423"
Navarro,1860,"5,996"
Navarro,2010,"47,735"
Navarro,1930,"60,507"
Navarro,1880,"21,702"
Navarro,1890,"26,373"
Navarro,1990,"39,926"
Navarro,1910,"47,070"
Navarro,1870,"8,879"
Navarro,2000,"45,124"
Navarro,1940,"51,308"
Navarro,1970,"31,150"
Newton,1870,"2,187"
Newton,1910,"10,850"
Newton,1980,"13,254"
Newton,1850,"1,689"
Newton,1950,"10,832"
Newton,1970,"11,657"
Newton,1960,"10,372"
Newton,1930,"12,524"
Newton,1860,"3,119"
Newton,1990,"13,569"
Newton,1920,"12,196"
Newton,2000,"15,072"
Newton,1890,"4,650"
Newton,1880,"4,350"
Newton,2010,"14,445"
Newton,1940,"13,700"
Newton,1900,"7,282"
Nolan,1990,"16,594"
Nolan,1880,640
Nolan,1970,"16,220"
Nolan,1980,"17,359"
Nolan,1870,
Nolan,1950,"19,808"
Nolan,1960,"18,963"
Nolan,1930,"19,323"
Nolan,1940,"17,309"
Nolan,1900,"2,611"
Nolan,2000,"15,802"
Nolan,1890,"1,573"
Nolan,1920,"10,868"
Nolan,2010,"15,216"
Nolan,1850,
Nolan,1860,
Nolan,1910,"11,999"
Nueces ,1970,"237,544"
Nueces ,1990,"291,145"
Nueces ,1900,"10,439"
Nueces ,1940,"92,661"
Nueces ,1930,"51,779"
Nueces ,1950,"165,471"
Nueces ,1910,"21,955"
Nueces ,1890,"8,093"
Nueces ,2010,"340,223"
Nueces ,1860,"2,906"
Nueces ,1870,"3,975"
Nueces ,1980,"268,215"
Nueces ,1850,698
Nueces ,1960,"221,573"
Nueces ,1880,"7,673"
Nueces ,2000,"313,645"
Nueces ,1920,"22,807"
Ochiltree,1970,"9,704"
Ochiltree,1870,
Ochiltree,1860,
Ochiltree,1850,
Ochiltree,1890,198
Ochiltree,1880,
Ochiltree,2000,"9,006"
Ochiltree,1990,"9,128"
Ochiltree,1910,"1,602"
Ochiltree,1920,"2,331"
Ochiltree,2010,"10,223"
Ochiltree,1930,"5,224"
Ochiltree,1960,"9,380"
Ochiltree,1900,267
Ochiltree,1980,"9,588"
Ochiltree,1940,"4,213"
Ochiltree,1950,"6,024"
Oldham,1940,"1,385"
Oldham,2010,"2,052"
Oldham,1870,
Oldham,1980,"2,283"
Oldham,1970,"2,258"
Oldham,1950,"1,672"
Oldham,2000,"2,185"
Oldham,1960,"1,928"
Oldham,1930,"1,404"
Oldham,1920,709
Oldham,1850,
Oldham,1910,812
Oldham,1890,270
Oldham,1880,387
Oldham,1860,
Oldham,1990,"2,278"
Oldham,1900,349
Orange,1970,"71,170"
Orange,1900,"5,905"
Orange,2000,"84,966"
Orange,1920,"15,379"
Orange,1990,"80,509"
Orange,1910,"9,528"
Orange,1890,"4,770"
Orange,1950,"40,567"
Orange,1930,"15,149"
Orange,1960,"60,357"
Orange,1880,"2,938"
Orange,1940,"17,382"
Orange,1850,
Orange,1980,"83,838"
Orange,1860,"1,916"
Orange,1870,"1,255"
Orange,2010,"81,837"
Palo Pinto,1940,"18,456"
Palo Pinto,1960,"20,516"
Palo Pinto,1880,"5,885"
Palo Pinto,1980,"24,062"
Palo Pinto,1950,"17,154"
Palo Pinto,1990,"25,055"
Palo Pinto,1970,"28,962"
Palo Pinto,2010,"28,111"
Palo Pinto,1870,
Palo Pinto,1920,"23,431"
Palo Pinto,1910,"19,506"
Palo Pinto,2000,"27,026"
Palo Pinto,1860,"1,524"
Palo Pinto,1850,
Palo Pinto,1930,"17,576"
Palo Pinto,1900,"12,291"
Palo Pinto,1890,"8,320"
Panola,1970,"15,894"
Panola,1930,"24,063"
Panola,1860,"8,475"
Panola,1940,"22,513"
Panola,1980,"20,724"
Panola,1850,"3,871"
Panola,1890,"14,328"
Panola,1900,"21,404"
Panola,1950,"19,250"
Panola,1880,"12,219"
Panola,1910,"20,424"
Panola,1960,"16,870"
Panola,2010,"23,796"
Panola,1990,"22,035"
Panola,2000,"22,756"
Panola,1920,"21,755"
Panola,1870,"10,119"
Parker,1920,"23,382"
Parker,1880,"15,870"
Parker,1970,"33,888"
Parker,1900,"25,823"
Parker,1910,"26,331"
Parker,2010,"116,927"
Parker,1940,"20,482"
Parker,1980,"44,609"
Parker,1990,"64,785"
Parker,1870,"4,186"
Parker,1850,
Parker,1930,"18,759"
Parker,1890,"21,682"
Parker,1860,"4,213"
Parker,1950,"24,528"
Parker,1960,"22,880"
Parker,2000,"88,495"
Parmer,1870,
Parmer,2000,"10,016"
Parmer,1880,
Parmer,1860,
Parmer,1990,"9,863"
Parmer,2010,"10,269"
Parmer,1980,"11,038"
Parmer,1850,
Parmer,1970,"10,509"
Parmer,1910,"1,555"
Parmer,1960,"9,583"
Parmer,1890,7
Parmer,1900,34
Parmer,1950,"5,787"
Parmer,1930,"5,869"
Parmer,1940,"5,890"
Parmer,1920,"1,699"
Pecos ,1910,"2,071"
Pecos ,1900,"2,360"
Pecos ,1950,"9,939"
Pecos ,1930,"7,812"
Pecos ,2010,"15,507"
Pecos ,1870,
Pecos ,1860,
Pecos ,1980,"14,618"
Pecos ,1880,"1,807"
Pecos ,1970,"13,748"
Pecos ,1960,"11,957"
Pecos ,1850,
Pecos ,2000,"16,809"
Pecos ,1890,"1,326"
Pecos ,1990,"14,675"
Pecos ,1920,"3,857"
Pecos ,1940,"8,185"
Polk,1940,"20,635"
Polk,1930,"17,555"
Polk,1890,"10,332"
Polk,1900,"14,447"
Polk,1860,"8,300"
Polk,2010,"45,413"
Polk,1970,"14,457"
Polk,1910,"17,459"
Polk,1920,"16,784"
Polk,1980,"24,407"
Polk,1870,"8,707"
Polk,1880,"7,189"
Polk,1850,"2,348"
Polk,1990,"30,687"
Polk,1960,"13,861"
Polk,2000,"41,133"
Polk,1950,"16,194"
Potter,1890,849
Potter,1960,"115,580"
Potter,1850,
Potter,1990,"97,874"
Potter,1880,28
Potter,1860,
Potter,1870,
Potter,1950,"73,366"
Potter,1930,"46,080"
Potter,1980,"98,637"
Potter,1910,"12,424"
Potter,2000,"113,546"
Potter,1940,"54,265"
Potter,1970,"90,511"
Potter,1920,"16,710"
Potter,2010,"121,073"
Potter,1900,"1,820"
Presidio ,1940,"10,925"
Presidio ,1860,580
Presidio ,2010,"7,818"
Presidio ,2000,"7,304"
Presidio ,1930,"10,154"
Presidio ,1980,"5,188"
Presidio ,1920,"12,202"
Presidio ,1870,"1,636"
Presidio ,1880,"2,873"
Presidio ,1910,"5,218"
Presidio ,1950,"7,354"
Presidio ,1900,"3,673"
Presidio ,1970,"4,842"
Presidio ,1850,
Presidio ,1960,"5,460"
Presidio ,1890,"1,698"
Presidio ,1990,"6,637"
Rains,1890,"3,909"
Rains,1960,"2,993"
Rains,2000,"9,139"
Rains,2010,"10,914"
Rains,1980,"4,839"
Rains,1910,"6,787"
Rains,1930,"7,114"
Rains,1920,"8,099"
Rains,1950,"4,266"
Rains,1900,"6,127"
Rains,1940,"7,334"
Rains,1870,
Rains,1970,"3,752"
Rains,1880,"3,035"
Rains,1990,"6,715"
Rains,1850,
Rains,1860,
Randall,1990,"89,673"
Randall,1880,3
Randall,2000,"104,312"
Randall,1960,"33,913"
Randall,1980,"75,062"
Randall,1910,"3,312"
Randall,1890,187
Randall,1940,"7,185"
Randall,1860,
Randall,1950,"13,774"
Randall,1930,"7,071"
Randall,1970,"53,885"
Randall,1850,
Randall,2010,"120,725"
Randall,1920,"3,675"
Randall,1900,963
Randall,1870,
Reagan ,1990,"4,514"
Reagan ,1920,377
Reagan ,1900,
Reagan ,2000,"3,326"
Reagan ,1880,
Reagan ,1960,"3,782"
Reagan ,1980,"4,135"
Reagan ,1850,
Reagan ,1890,
Reagan ,1910,392
Reagan ,1870,
Reagan ,2010,"3,367"
Reagan ,1930,"3,028"
Reagan ,1970,"3,239"
Reagan ,1860,
Reagan ,1950,"3,127"
Reagan ,1940,"1,997"
Real ,1890,
Real ,1960,"2,079"
Real ,2010,"3,309"
Real ,1970,"2,013"
Real ,1920,"1,461"
Real ,1980,"2,469"
Real ,2000,"3,047"
Real ,1900,
Real ,1870,
Real ,1950,"2,479"
Real ,1860,
Real ,1990,"2,412"
Real ,1940,"2,420"
Real ,1930,"2,197"
Real ,1880,
Real ,1850,
Real ,1910,
Red River,1960,"15,682"
Red River,1980,"16,101"
Red River,2000,"14,314"
Red River,1900,"29,893"
Red River,1880,"17,194"
Red River,1850,"3,906"
Red River,1870,"10,653"
Red River,1890,"21,452"
Red River,1990,"14,317"
Red River,2010,"12,860"
Red River,1920,"35,829"
Red River,1940,"29,769"
Red River,1970,"14,298"
Red River,1930,"30,923"
Red River,1860,"8,535"
Red River,1910,"28,564"
Red River,1950,"21,851"
Reeves ,1990,"15,852"
Reeves ,1930,"6,407"
Reeves ,1950,"11,745"
Reeves ,1880,
Reeves ,1900,"1,847"
Reeves ,1970,"16,526"
Reeves ,2010,"13,783"
Reeves ,1860,
Reeves ,1870,
Reeves ,1850,
Reeves ,1980,"15,801"
Reeves ,1920,"4,457"
Reeves ,1960,"17,644"
Reeves ,1890,"1,247"
Reeves ,2000,"13,137"
Reeves ,1940,"8,006"
Reeves ,1910,"4,392"
Refugio,1870,"2,324"
Refugio,1970,"9,494"
Refugio,1920,"4,050"
Refugio,1980,"9,289"
Refugio,1900,"1,641"
Refugio,1960,"10,975"
Refugio,1860,"1,600"
Refugio,1880,"1,585"
Refugio,1890,"1,239"
Refugio,1950,"10,113"
Refugio,1910,"2,814"
Refugio,1940,"10,383"
Refugio,2010,"7,383"
Refugio,1990,"7,976"
Refugio,2000,"7,828"
Refugio,1930,"7,691"
Refugio,1850,288
Roberts,1960,"1,075"
Roberts,1850,
Roberts,1950,"1,031"
Roberts,1890,326
Roberts,1990,"1,025"
Roberts,1910,950
Roberts,1900,620
Roberts,1920,"1,469"
Roberts,1970,967
Roberts,1930,"1,457"
Roberts,1980,"1,187"
Roberts,2000,887
Roberts,1870,
Roberts,1880,32
Roberts,1860,
Roberts,1940,"1,289"
Roberts,2010,929
Robertson,1970,"14,389"
Robertson,1890,"26,506"
Robertson,1910,"27,454"
Robertson,1980,"14,653"
Robertson,1920,"27,933"
Robertson,1960,"16,157"
Robertson,1930,"27,240"
Robertson,1860,"4,997"
Robertson,1940,"25,710"
Robertson,2000,"16,000"
Robertson,1990,"15,511"
Robertson,1900,"31,480"
Robertson,1880,"22,383"
Robertson,1850,934
Robertson,1950,"19,908"
Robertson,2010,"16,622"
Robertson,1870,"9,990"
Rockwall,1940,"7,051"
Rockwall,1950,"6,156"
Rockwall,1980,"14,528"
Rockwall,1990,"25,604"
Rockwall,2000,"43,080"
Rockwall,1860,
Rockwall,1870,
Rockwall,1960,"5,878"
Rockwall,1910,"8,072"
Rockwall,1900,"8,531"
Rockwall,1890,"5,972"
Rockwall,1970,"7,046"
Rockwall,2010,"78,337"
Rockwall,1850,
Rockwall,1930,"7,658"
Rockwall,1880,"2,984"
Rockwall,1920,"8,591"
Runnels,1880,980
Runnels,1900,"5,379"
Runnels,2000,"11,495"
Runnels,1980,"11,872"
Runnels,2010,"10,501"
Runnels,1950,"16,771"
Runnels,1850,
Runnels,1990,"11,294"
Runnels,1940,"18,903"
Runnels,1870,
Runnels,1930,"21,821"
Runnels,1860,
Runnels,1920,"17,074"
Runnels,1910,"20,858"
Runnels,1970,"12,108"
Runnels,1960,"15,016"
Runnels,1890,"3,193"
Rusk,1970,"34,102"
Rusk,2000,"47,372"
Rusk,1990,"43,735"
Rusk,1880,"18,986"
Rusk,1940,"51,023"
Rusk,1900,"26,099"
Rusk,1960,"36,421"
Rusk,1850,"8,148"
Rusk,1980,"41,382"
Rusk,1870,"16,916"
Rusk,1930,"32,484"
Rusk,1860,"15,803"
Rusk,1950,"42,348"
Rusk,1920,"31,689"
Rusk,1910,"26,946"
Rusk,2010,"53,330"
Rusk,1890,"18,559"
Sabine,1950,"8,568"
Sabine,1900,"6,394"
Sabine,2010,"10,834"
Sabine,1920,"12,299"
Sabine,1940,"10,896"
Sabine,1960,"7,302"
Sabine,1910,"8,582"
Sabine,1850,"2,498"
Sabine,2000,"10,469"
Sabine,1880,"4,161"
Sabine,1930,"11,998"
Sabine,1890,"4,969"
Sabine,1990,"9,586"
Sabine,1860,"2,750"
Sabine,1970,"7,187"
Sabine,1980,"8,702"
Sabine,1870,"3,256"
San Augustine,1870,"4,196"
San Augustine,1880,"5,084"
San Augustine,1940,"12,471"
San Augustine,1990,"7,999"
San Augustine,1970,"7,858"
San Augustine,2010,"8,865"
San Augustine,1920,"13,737"
San Augustine,1950,"8,837"
San Augustine,1900,"8,434"
San Augustine,1960,"7,722"
San Augustine,1910,"11,264"
San Augustine,1850,"3,648"
San Augustine,1930,"12,471"
San Augustine,1980,"8,785"
San Augustine,1860,"4,094"
San Augustine,1890,"6,688"
San Augustine,2000,"8,946"
San Jacinto,1940,"9,056"
San Jacinto,1880,"6,186"
San Jacinto,2010,"26,384"
San Jacinto,1980,"11,434"
San Jacinto,1950,"7,172"
San Jacinto,1920,"9,867"
San Jacinto,1900,"10,277"
San Jacinto,1850,
San Jacinto,1930,"9,711"
San Jacinto,1860,
San Jacinto,1870,
San Jacinto,1960,"6,153"
San Jacinto,2000,"22,246"
San Jacinto,1910,"9,542"
San Jacinto,1990,"16,372"
San Jacinto,1970,"6,702"
San Jacinto,1890,"7,360"
San Patricio,1890,"1,312"
San Patricio,1970,"47,288"
San Patricio,1980,"58,013"
San Patricio,2000,"67,138"
San Patricio,1910,"7,307"
San Patricio,1850,200
San Patricio,1920,"11,386"
San Patricio,1860,620
San Patricio,1950,"35,842"
San Patricio,1960,"45,021"
San Patricio,1990,"58,749"
San Patricio,1930,"23,836"
San Patricio,1870,602
San Patricio,2010,"64,804"
San Patricio,1900,"2,372"
San Patricio,1940,"28,871"
San Patricio,1880,"1,010"
San Saba,1990,"5,401"
San Saba,1860,913
San Saba,1970,"5,540"
San Saba,1930,"10,273"
San Saba,1950,"8,666"
San Saba,1920,"10,045"
San Saba,1870,"1,425"
San Saba,1940,"11,012"
San Saba,2010,"6,131"
San Saba,1890,"6,641"
San Saba,1910,"11,245"
San Saba,1880,"5,324"
San Saba,1900,"7,569"
San Saba,1850,
San Saba,1980,"5,693"
San Saba,1960,"6,381"
San Saba,2000,"6,186"
Schelicher ,1860,
Schelicher ,1900,515
Schelicher ,1940,"3,083"
Schelicher ,1850,
Schelicher ,1930,"3,166"
Schelicher ,2000,"2,935"
Schelicher ,1990,"2,990"
Schelicher ,1950,"2,852"
Schelicher ,1890,155
Schelicher ,1920,"1,851"
Schelicher ,1910,"1,893"
Schelicher ,1980,"2,820"
Schelicher ,2010,"3,461"
Schelicher ,1880,
Schelicher ,1960,"2,791"
Schelicher ,1970,"2,277"
Schelicher ,1870,
Scurry,1890,"1,415"
Scurry,1930,"12,188"
Scurry,1990,"18,634"
Scurry,1880,102
Scurry,1860,
Scurry,1870,
Scurry,2010,"16,921"
Scurry,1940,"11,545"
Scurry,1900,"4,158"
Scurry,1950,"22,779"
Scurry,1910,"10,924"
Scurry,1960,"20,369"
Scurry,1850,
Scurry,1970,"15,760"
Scurry,2000,"16,361"
Scurry,1980,"18,192"
Scurry,1920,"9,003"
Shackelford,1940,"6,211"
Shackelford,1870,455
Shackelford,1900,"2,461"
Shackelford,1850,
Shackelford,1910,"4,201"
Shackelford,1990,"3,316"
Shackelford,1860,44
Shackelford,1970,"3,323"
Shackelford,2000,"3,302"
Shackelford,1890,"2,012"
Shackelford,1980,"3,915"
Shackelford,1920,"4,960"
Shackelford,1880,"2,037"
Shackelford,1950,"5,001"
Shackelford,1960,"3,990"
Shackelford,2010,"3,378"
Shackelford,1930,"6,695"
Shelby,1940,"29,235"
Shelby,1960,"20,479"
Shelby,1950,"23,479"
Shelby,2010,"25,448"
Shelby,1910,"26,423"
Shelby,1870,"5,732"
Shelby,1920,"27,464"
Shelby,1970,"19,672"
Shelby,1980,"23,084"
Shelby,2000,"25,224"
Shelby,1850,"4,239"
Shelby,1860,"5,362"
Shelby,1900,"20,452"
Shelby,1930,"28,627"
Shelby,1890,"14,365"
Shelby,1880,"9,532"
Shelby,1990,"22,034"
Sherman,2000,"3,186"
Sherman,1940,"2,026"
Sherman,1980,"3,174"
Sherman,1890,34
Sherman,1970,"3,657"
Sherman,1920,"1,473"
Sherman,1880,
Sherman,1850,
Sherman,1910,"1,476"
Sherman,1860,
Sherman,1990,"2,858"
Sherman,2010,"3,034"
Sherman,1930,"2,314"
Sherman,1950,"2,443"
Sherman,1900,104
Sherman,1960,"2,605"
Sherman,1870,
Smith,2010,"209,714"
Smith,1930,"53,123"
Smith,1980,"128,366"
Smith,1900,"37,370"
Smith,1850,"4,292"
Smith,1940,"69,090"
Smith,1870,"16,532"
Smith,1860,"13,392"
Smith,1970,"97,096"
Smith,1960,"86,350"
Smith,1910,"41,746"
Smith,1950,"74,701"
Smith,1920,"46,769"
Smith,1890,"28,324"
Smith,1880,"21,863"
Smith,1990,"151,309"
Smith,2000,"174,706"
Somervell,1910,"3,931"
Somervell,1860,
Somervell,1990,"5,360"
Somervell,1950,"2,542"
Somervell,1890,"3,419"
Somervell,2010,"8,490"
Somervell,2000,"6,809"
Somervell,1970,"2,793"
Somervell,1880,"2,649"
Somervell,1980,"4,154"
Somervell,1850,
Somervell,1940,"3,071"
Somervell,1920,"3,563"
Somervell,1900,"3,498"
Somervell,1960,"2,577"
Somervell,1930,"3,016"
Somervell,1870,
Starr   ,1920,"11,089"
Starr   ,1950,"13,948"
Starr   ,2000,"53,597"
Starr   ,1980,"27,266"
Starr   ,1880,"8,304"
Starr   ,2010,"60,968"
Starr   ,1990,"40,518"
Starr   ,1890,"10,749"
Starr   ,1930,"11,409"
Starr   ,1940,"13,312"
Starr   ,1970,"17,707"
Starr   ,1910,"13,151"
Starr   ,1900,"11,469"
Starr   ,1870,"4,154"
Starr   ,1860,"2,406"
Starr   ,1960,"17,137"
Starr   ,1850,
Stephens ,1970,"8,414"
Stephens ,1920,"15,403"
Stephens ,1870,330
Stephens ,2000,"9,674"
Stephens ,1940,"12,356"
Stephens ,1950,"10,597"
Stephens ,1980,"9,926"
Stephens ,1930,"16,560"
Stephens ,1850,
Stephens ,1960,"8,885"
Stephens ,1880,"4,725"
Stephens ,1910,"7,980"
Stephens ,2010,"9,630"
Stephens ,1860,230
Stephens ,1990,"9,010"
Stephens ,1890,"4,926"
Stephens ,1900,"6,466"
Sterling ,1960,"1,177"
Sterling ,1850,
Sterling ,2000,"1,393"
Sterling ,1880,
Sterling ,2010,"1,143"
Sterling ,1920,"1,053"
Sterling ,1900,"1,127"
Sterling ,1980,"1,206"
Sterling ,1890,
Sterling ,1940,"1,404"
Sterling ,1910,"1,493"
Sterling ,1930,"1,431"
Sterling ,1950,"1,282"
Sterling ,1860,
Sterling ,1970,"1,056"
Sterling ,1870,
Sterling ,1990,"1,438"
Stonewall,1920,"4,086"
Stonewall,1890,"1,024"
Stonewall,1900,"2,183"
Stonewall,1910,"5,320"
Stonewall,1860,
Stonewall,1880,104
Stonewall,1850,
Stonewall,2000,"1,693"
Stonewall,1940,5589
Stonewall,1980,"2,406"
Stonewall,1970,"2,397"
Stonewall,1950,"3,679"
Stonewall,1930,"5,667"
Stonewall,1960,"3,017"
Stonewall,2010,"1,490"
Stonewall,1870,
Stonewall,1990,"2,013"
Sutton ,2000,"4,077"
Sutton ,1850,
Sutton ,1970,"3,175"
Sutton ,1870,
Sutton ,1860,
Sutton ,1960,"3,738"
Sutton ,1900,"1,727"
Sutton ,2010,"4,128"
Sutton ,1990,"4,135"
Sutton ,1930,"2,807"
Sutton ,1890,658
Sutton ,1940,"3,977"
Sutton ,1920,"1,598"
Sutton ,1950,"3,746"
Sutton ,1880,
Sutton ,1910,"1,569"
Sutton ,1980,"5,130"
Swisher,1940,"6,528"
Swisher,1950,"8,249"
Swisher,1990,"8,133"
Swisher,2000,"8,378"
Swisher,1880,4
Swisher,1920,"4,388"
Swisher,1960,"10,607"
Swisher,1970,"10,373"
Swisher,1980,"9,723"
Swisher,1930,"7,343"
Swisher,1850,
Swisher,2010,"7,854"
Swisher,1870,
Swisher,1910,"4,012"
Swisher,1860,
Swisher,1890,100
Swisher,1900,"1,227"
Tarrant,1940,"225,521"
Tarrant,1910,"108,572"
Tarrant,1860,"6,020"
Tarrant,1990,"1,170,103"
Tarrant,1920,"152,800"
Tarrant,1930,"197,553"
Tarrant,1850,664
Tarrant,2000,"1,446,219"
Tarrant,2010,"1,809,034"
Tarrant,1900,"52,376"
Tarrant,1960,"538,495"
Tarrant,1880,"24,671"
Tarrant,1970,"716,317"
Tarrant,1980,"860,880"
Tarrant,1950,"361,253"
Tarrant,1870,"5,788"
Tarrant,1890,"41,142"
Taylor,1930,"41,023"
Taylor,2000,"126,555"
Taylor,1960,"101,078"
Taylor,1860,
Taylor,1990,"119,655"
Taylor,1880,"1,736"
Taylor,2010,"131,506"
Taylor,1970,"97,853"
Taylor,1900,"10,499"
Taylor,1920,"24,081"
Taylor,1940,"44,147"
Taylor,1950,"63,370"
Taylor,1910,"26,293"
Taylor,1890,"6,957"
Taylor,1980,"110,932"
Taylor,1870,
Taylor,1850,
Terrell ,2000,"1,081"
Terrell ,1960,"2,600"
Terrell ,2010,984
Terrell ,1860,
Terrell ,1880,
Terrell ,1910,"1,430"
Terrell ,1970,"1,940"
Terrell ,1940,"2,952"
Terrell ,1870,
Terrell ,1900,
Terrell ,1980,"1,595"
Terrell ,1850,
Terrell ,1930,"2,660"
Terrell ,1950,"3,189"
Terrell ,1990,"1,410"
Terrell ,1920,"1,595"
Terrell ,1890,
Terry,1970,"14,118"
Terry,1910,"1,474"
Terry,1870,
Terry,1950,"13,107"
Terry,1980,"14,581"
Terry,1960,"16,286"
Terry,1850,
Terry,1860,
Terry,1890,21
Terry,1990,"13,218"
Terry,1880,
Terry,1930,"8,883"
Terry,1920,"2,236"
Terry,2000,"12,761"
Terry,2010,"12,651"
Terry,1900,48
Terry,1940,"11,160"
Throckmorton  ,1920,"3,589"
Throckmorton  ,1870,
Throckmorton  ,1950,"3,618"
Throckmorton  ,1930,"5,253"
Throckmorton  ,1980,"2,053"
Throckmorton  ,1970,"2,205"
Throckmorton  ,1960,"2,767"
Throckmorton  ,1900,"1,750"
Throckmorton  ,2000,"1,850"
Throckmorton  ,1860,124
Throckmorton  ,1850,
Throckmorton  ,1910,"4,563"
Throckmorton  ,2010,"1,641"
Throckmorton  ,1940,"4,275"
Throckmorton  ,1880,711
Throckmorton  ,1890,902
Throckmorton  ,1990,"1,880"
Titus,1970,"16,702"
Titus,1900,"12,292"
Titus,1860,"9,648"
Titus,1870,"11,339"
Titus,1990,"24,009"
Titus,2000,"28,118"
Titus,1930,"16,003"
Titus,1920,"18,128"
Titus,1890,"8,190"
Titus,1940,"19,228"
Titus,1850,"3,636"
Titus,1910,"16,422"
Titus,2010,"32,334"
Titus,1950,"17,302"
Titus,1880,"5,959"
Titus,1960,"16,785"
Titus,1980,"21,442"
Tom Green ,1970,"71,047"
Tom Green ,1980,"84,784"
Tom Green ,1900,"6,804"
Tom Green ,1940,"39,302"
Tom Green ,1910,"17,882"
Tom Green ,1870,
Tom Green ,1850,
Tom Green ,1930,"36,033"
Tom Green ,1950,"58,929"
Tom Green ,1920,"15,210"
Tom Green ,1860,
Tom Green ,1880,"3,615"
Tom Green ,2010,"110,224"
Tom Green ,2000,"104,010"
Tom Green ,1990,"98,458"
Tom Green ,1960,"64,630"
Tom Green ,1890,"5,152"
Travis,1960,"212,136"
Travis,1880,"27,028"
Travis,1850,"3,138"
Travis,1870,"13,153"
Travis,1900,"47,386"
Travis,1860,"8,080"
Travis,1950,"160,980"
Travis,1910,"55,620"
Travis,1930,"77,777"
Travis,1940,"111,053"
Travis,1980,"419,335"
Travis,2010,"1,024,266"
Travis,2000,"812,280"
Travis,1920,"57,616"
Travis,1970,"295,516"
Travis,1890,"36,322"
Travis,1990,"576,407"
Trinity,1890,"7,648"
Trinity,1870,"4,141"
Trinity,1880,"4,915"
Trinity,1980,"9,450"
Trinity,1910,"12,768"
Trinity,1960,"7,539"
Trinity,2010,"14,585"
Trinity,1930,"13,637"
Trinity,1970,"7,628"
Trinity,1940,"13,705"
Trinity,2000,"13,779"
Trinity,1920,"13,623"
Trinity,1950,"10,040"
Trinity,1990,"11,445"
Trinity,1860,"4,392"
Trinity,1900,"10,976"
Trinity,1850,
Tyler,1970,"12,417"
Tyler,1990,"16,646"
Tyler,1940,"11,948"
Tyler,1890,"10,877"
Tyler,2010,"21,766"
Tyler,1850,"1,894"
Tyler,1880,"5,825"
Tyler,1870,"5,010"
Tyler,1980,"16,223"
Tyler,1900,"11,899"
Tyler,1960,"10,666"
Tyler,1910,"10,250"
Tyler,2000,"20,871"
Tyler,1950,"11,292"
Tyler,1930,"11,448"
Tyler,1860,"4,525"
Tyler,1920,"10,415"
Upshur,2000,"35,291"
Upshur,1980,"28,595"
Upshur,1960,"19,793"
Upshur,2010,"39,309"
Upshur,1920,"22,472"
Upshur,1860,"10,645"
Upshur,1850,"3,394"
Upshur,1990,"31,370"
Upshur,1880,"10,266"
Upshur,1900,"16,266"
Upshur,1870,"12,039"
Upshur,1890,"12,695"
Upshur,1910,"19,960"
Upshur,1950,"20,822"
Upshur,1940,"26,178"
Upshur,1970,"20,976"
Upshur,1930,"22,297"
Upton ,1920,253
Upton ,1930,"5,968"
Upton ,1850,
Upton ,1870,
Upton ,1940,"4,297"
Upton ,1990,"4,447"
Upton ,2010,"3,355"
Upton ,1860,
Upton ,1880,
Upton ,1900,48
Upton ,1950,"5,307"
Upton ,1960,"6,239"
Upton ,1970,"4,697"
Upton ,1910,501
Upton ,2000,"3,404"
Upton ,1890,52
Upton ,1980,"4,619"
Uvalde,2010,"26,405"
Uvalde,1950,"16,015"
Uvalde,1900,"4,647"
Uvalde,1920,"10,769"
Uvalde,2000,"25,926"
Uvalde,1990,"23,340"
Uvalde,1860,506
Uvalde,1930,"12,945"
Uvalde,1850,
Uvalde,1970,"17,348"
Uvalde,1870,851
Uvalde,1910,"11,233"
Uvalde,1940,"13,246"
Uvalde,1880,"2,541"
Uvalde,1980,"22,441"
Uvalde,1960,"16,814"
Uvalde,1890,"3,804"
Val Verde ,1980,"35,910"
Val Verde ,2010,"48,879"
Val Verde ,1990,"38,721"
Val Verde ,1930,"14,924"
Val Verde ,1920,"12,706"
Val Verde ,1970,"27,471"
Val Verde ,1850,
Val Verde ,1870,
Val Verde ,1890,"2,874"
Val Verde ,1880,
Val Verde ,1900,"5,263"
Val Verde ,1960,"24,461"
Val Verde ,2000,"44,856"
Val Verde ,1910,"8,613"
Val Verde ,1860,
Val Verde ,1950,"16,635"
Val Verde ,1940,"15,453"
Van Zandt,1930,"32,315"
Van Zandt,1980,"31,426"
Van Zandt,2000,"48,140"
Van Zandt,1910,"25,651"
Van Zandt,1950,"22,593"
Van Zandt,1900,"25,481"
Van Zandt,1850,"1,348"
Van Zandt,1960,"19,091"
Van Zandt,1990,"37,944"
Van Zandt,1970,"22,155"
Van Zandt,1870,"6,494"
Van Zandt,1940,"31,155"
Van Zandt,2010,"52,579"
Van Zandt,1920,"30,784"
Van Zandt,1860,"3,777"
Van Zandt,1880,"12,619"
Van Zandt,1890,"16,225"
Victoria,1860,"4,171"
Victoria,1940,"23,741"
Victoria,1960,"46,475"
Victoria,2010,"86,793"
Victoria,1930,"20,048"
Victoria,1970,"53,766"
Victoria,1890,"8,737"
Victoria,1980,"68,807"
Victoria,1880,"6,289"
Victoria,1900,"13,678"
Victoria,1990,"74,361"
Victoria,1870,"4,860"
Victoria,2000,"84,088"
Victoria,1850,"2,019"
Victoria,1950,"31,241"
Victoria,1920,"18,271"
Victoria,1910,"14,990"
Walker,1900,"15,813"
Walker,1860,"8,191"
Walker,1890,"12,874"
Walker,1880,"12,024"
Walker,1990,"50,917"
Walker,1950,"20,163"
Walker,2010,"67,861"
Walker,1920,"18,556"
Walker,1910,"16,061"
Walker,2000,"61,758"
Walker,1930,"18,528"
Walker,1850,"3,964"
Walker,1980,"41,789"
Walker,1940,"19,868"
Walker,1970,"27,680"
Walker,1870,"9,766"
Walker,1960,"21,475"
Waller,1850,
Waller,1930,"10,014"
Waller,1990,"23,390"
Waller,1870,
Waller,1880,"9,024"
Waller,2010,"43,205"
Waller,1900,"14,246"
Waller,2000,"32,663"
Waller,1920,"10,292"
Waller,1910,"12,138"
Waller,1950,"11,961"
Waller,1860,
Waller,1960,"12,071"
Waller,1940,"10,280"
Waller,1970,"14,285"
Waller,1980,"19,798"
Waller,1890,"10,888"
Ward ,1920,"2,615"
Ward ,1880,
Ward ,2000,"10,909"
Ward ,2010,"10,658"
Ward ,1960,"14,917"
Ward ,1930,"4,599"
Ward ,1850,
Ward ,1870,
Ward ,1980,"13,976"
Ward ,1860,
Ward ,1950,"13,346"
Ward ,1940,"9,575"
Ward ,1990,"13,115"
Ward ,1970,"13,019"
Ward ,1900,"1,451"
Ward ,1910,"2,389"
Ward ,1890,77
Washington,1920,"26,624"
Washington,1960,"19,145"
Washington,1910,"25,561"
Washington,1940,"25,387"
Washington,1870,"23,104"
Washington,1850,"5,983"
Washington,1900,"32,931"
Washington,1970,"18,842"
Washington,2010,"33,718"
Washington,1890,"29,161"
Washington,1980,"21,998"
Washington,1860,"15,215"
Washington,2000,"30,373"
Washington,1930,"25,394"
Washington,1950,"20,542"
Washington,1990,"26,154"
Washington,1880,"27,565"
Webb   ,1870,"2,615"
Webb   ,1880,"5,273"
Webb   ,1940,"45,916"
Webb   ,1910,"22,503"
Webb   ,1990,"133,239"
Webb   ,1860,"1,397"
Webb   ,1960,"64,791"
Webb   ,1950,"56,141"
Webb   ,1900,"21,851"
Webb   ,1890,"14,842"
Webb   ,1970,"72,859"
Webb   ,2010,"250,304"
Webb   ,1980,"99,258"
Webb   ,2000,"193,117"
Webb   ,1920,"29,152"
Webb   ,1850,
Webb   ,1930,"42,128"
Wharton,1970,"36,729"
Wharton,1960,"38,152"
Wharton,1890,"7,584"
Wharton,1950,"36,077"
Wharton,1920,"24,288"
Wharton,1910,"21,123"
Wharton,2010,"41,280"
Wharton,1930,"29,681"
Wharton,1860,"3,380"
Wharton,1900,"16,942"
Wharton,1940,"36,158"
Wharton,1990,"39,955"
Wharton,1980,"40,242"
Wharton,1850,"1,752"
Wharton,1870,"3,426"
Wharton,2000,"41,188"
Wharton,1880,"4,459"
Wheeler ,1900,636
Wheeler ,1970,"6,434"
Wheeler ,1890,778
Wheeler ,1880,512
Wheeler ,1930,"15,555"
Wheeler ,1980,"7,137"
Wheeler ,2000,"5,284"
Wheeler ,1990,"5,879"
Wheeler ,1950,"10,317"
Wheeler ,1860,
Wheeler ,2010,"5,410"
Wheeler ,1910,"5,258"
Wheeler ,1870,
Wheeler ,1850,
Wheeler ,1940,"12,411"
Wheeler ,1960,"7,947"
Wheeler ,1920,"7,397"
Wichita,1970,"120,563"
Wichita,1880,433
Wichita,1870,
Wichita,2000,"131,664"
Wichita,1850,
Wichita,1990,"122,378"
Wichita,1940,"73,604"
Wichita,1860,
Wichita,1910,"16,094"
Wichita,1920,"72,911"
Wichita,1980,"121,082"
Wichita,1950,"98,493"
Wichita,1900,"5,806"
Wichita,1960,"123,528"
Wichita,1890,"4,831"
Wichita,1930,"74,416"
Wichita,2010,"131,500"
Wilbarger,1940,"20,474"
Wilbarger,2010,"13,535"
Wilbarger,1970,"15,355"
Wilbarger,1870,
Wilbarger,1960,"17,748"
Wilbarger,1950,"20,552"
Wilbarger,1900,"5,759"
Wilbarger,1850,
Wilbarger,2000,"14,676"
Wilbarger,1890,"7,092"
Wilbarger,1920,"15,112"
Wilbarger,1910,"12,000"
Wilbarger,1990,"15,121"
Wilbarger,1980,"15,931"
Wilbarger,1860,
Wilbarger,1930,"24,579"
Wilbarger,1880,126
Willacy ,1970,"15,570"
Willacy ,1920,
Willacy ,1930,"10,499"
Willacy ,1880,
Willacy ,2010,"22,134"
Willacy ,1860,
Willacy ,1950,"20,920"
Willacy ,1870,
Willacy ,1910,
Willacy ,1990,"17,705"
Willacy ,1900,
Willacy ,1890,
Willacy ,2000,"20,082"
Willacy ,1980,"17,495"
Willacy ,1940,"13,230"
Willacy ,1960,"20,084"
Willacy ,1850,
Williamson,1950,"38,853"
Williamson,1930,"44,146"
Williamson,1890,"25,909"
Williamson,2000,"249,967"
Williamson,1880,"15,155"
Williamson,1910,"42,228"
Williamson,2010,"422,679"
Williamson,1900,"38,072"
Williamson,1970,"37,305"
Williamson,1940,"41,698"
Williamson,1980,"76,521"
Williamson,1920,"42,934"
Williamson,1870,"6,368"
Williamson,1990,"139,551"
Williamson,1850,"1,568"
Williamson,1960,"35,044"
Williamson,1860,"4,529"
Wilson,1980,"16,756"
Wilson,2010,"42,918"
Wilson,1890,"10,655"
Wilson,1910,"17,066"
Wilson,1970,"13,041"
Wilson,1920,"17,289"
Wilson,1990,"22,650"
Wilson,1860,
Wilson,1900,"13,961"
Wilson,1880,"7,118"
Wilson,1940,"17,066"
Wilson,1950,"14,672"
Wilson,1850,
Wilson,1930,"17,606"
Wilson,1870,"2,556"
Wilson,2000,"32,408"
Wilson,1960,"13,267"
Winkler ,1870,
Winkler ,1940,"6,141"
Winkler ,1880,
Winkler ,1970,"9,640"
Winkler ,1980,"9,944"
Winkler ,2000,"7,173"
Winkler ,2010,"7,110"
Winkler ,1890,18
Winkler ,1990,"8,626"
Winkler ,1960,"13,652"
Winkler ,1850,
Winkler ,1910,442
Winkler ,1930,"6,784"
Winkler ,1860,
Winkler ,1900,60
Winkler ,1920,81
Winkler ,1950,"10,064"
Wise,1950,"16,141"
Wise,1860,"3,160"
Wise,1990,"34,679"
Wise,1920,"23,363"
Wise,1900,"27,116"
Wise,1940,"19,074"
Wise,1870,"1,450"
Wise,1970,"19,687"
Wise,2000,"48,793"
Wise,1960,"17,012"
Wise,1850,
Wise,1880,"16,601"
Wise,1980,"26,575"
Wise,1930,"19,178"
Wise,1890,"24,134"
Wise,2010,"59,127"
Wise,1910,"26,450"
Wood,1920,"27,707"
Wood,2000,"36,752"
Wood,1960,"17,653"
Wood,1950,"21,308"
Wood,1890,"13,932"
Wood,1900,"21,048"
Wood,1910,"23,417"
Wood,1990,"29,380"
Wood,1940,"24,360"
Wood,1980,"24,697"
Wood,1880,"11,212"
Wood,2010,"41,964"
Wood,1850,
Wood,1860,"4,968"
Wood,1970,"18,589"
Wood,1930,"24,183"
Wood,1870,"6,894"
Yoakum,1950,"4,339"
Yoakum,1930,"1,263"
Yoakum,1850,
Yoakum,2010,"7,879"
Yoakum,1870,
Yoakum,1960,"8,032"
Yoakum,1920,504
Yoakum,1860,
Yoakum,1890,4
Yoakum,1910,602
Yoakum,1900,26
Yoakum,1940,"5,354"
Yoakum,1980,"8,299"
Yoakum,1880,
Yoakum,1970,"7,344"
Yoakum,2000,"7,322"
Yoakum,1990,"8,786"
Young,1960,"17,254"
Young,1900,"6,540"
Young,1950,"16,810"
Young,1860,592
Young,1930,"20,128"
Young,1850,
Young,2000,"17,943"
Young,1870,135
Young,1920,"13,379"
Young,1890,"5,049"
Young,2010,"18,550"
Young,1910,"13,657"
Young,1940,"19,004"
Young,1980,"19,001"
Young,1970,"15,400"
Young,1990,"18,126"
Young,1880,"4,726"
Zapata  ,1920,"2,929"
Zapata  ,1910,"3,809"
Zapata  ,1890,"3,562"
Zapata  ,1960,"4,393"
Zapata  ,1850,
Zapata  ,1880,"3,636"
Zapata  ,1970,"4,352"
Zapata  ,1940,"3,916"
Zapata  ,1900,"4,760"
Zapata  ,1870,"1,488"
Zapata  ,1950,"4,405"
Zapata  ,1860,"1,248"
Zapata  ,1990,"9,279"
Zapata  ,1930,"2,867"
Zapata  ,2010,"14,018"
Zapata  ,2000,"12,182"
Zapata  ,1980,"6,628"
Zavala,1910,"1,889"
Zavala,1930,"10,349"
Zavala,1940,"11,603"
Zavala,1900,792
Zavala,2000,"11,600"
Zavala,1960,"12,696"
Zavala,1890,"1,097"
Zavala,1880,410
Zavala,1920,"3,108"
Zavala,1970,"11,370"
Zavala,1870,138
Zavala,1980,"11,666"
Zavala,1860,26
Zavala,1990,"12,162"
Zavala,1850,
Zavala,1950,"11,201"
Zavala,2010,"11,677"
