County,state,year_start,year-end,count
Anderson,TX,1850,1859,1
Anderson,TX,1860,1869,3
Anderson,TX,1870,1879,20
Anderson,TX,1880,1889,66
Anderson,TX,1890,1899,30
Anderson,TX,1900,1909,285
Anderson,TX,1910,1919,23
Anderson,TX,1920,1929,22
Anderson,TX,1930,1939,38
Anderson,TX,1940,1949,77
Anderson,TX,1950,1959,69
Anderson,TX,1960,1969,74
Anderson,TX,1970,1979,331
Anderson,TX,1980,1989,493
Anderson,TX,1990,1999,1400
Anderson,TX,2000,2009,7
Anderson,TX,2010,2019,1
Andrews,TX,1930,1939,1
Angelina,TX,1890,1899,3
Angelina,TX,1900,1909,198
Angelina,TX,1910,1919,9
Angelina,TX,1920,1929,15
Angelina,TX,1930,1939,20
Angelina,TX,1940,1949,17
Angelina,TX,1950,1959,11
Angelina,TX,1960,1969,7
Angelina,TX,1970,1979,8
Angelina,TX,1980,1989,8
Angelina,TX,1990,1999,6
Angelina,TX,2000,2009,10
Angelina,TX,2010,2019,361
Aransas,TX,1900,1909,2
Aransas,TX,1930,1939,1
Aransas,TX,1970,1979,6
Aransas,TX,1980,1989,24
Aransas,TX,2000,2009,20
Aransas,TX,2010,2019,7
Archer,TX,1930,1939,1
Archer,TX,1940,1949,1
Archer,TX,1950,1959,6
Archer,TX,1960,1969,1
Archer,TX,1980,1989,6
Arlington,VA,1960,1969,8
Armstrong,TX,1900,1909,5
Armstrong,TX,1910,1919,32
Armstrong,TX,1920,1929,1
Armstrong,TX,1950,1959,1
Armstrong,TX,1970,1979,2
Atascosa,TX,1890,1899,1
Atascosa,TX,1900,1909,1
Atascosa,TX,1940,1949,2
Atascosa,TX,1970,1979,2
Atascosa,TX,2010,2019,66
Austin,TX,1890,1899,1
Austin,TX,1900,1909,2
Austin,TX,1910,1919,4
Austin,TX,1920,1929,3
Austin,TX,1930,1939,1
Austin,TX,1940,1949,1
Austin,TX,1950,1959,1
Austin,TX,1960,1969,4
Austin,TX,1970,1979,64
Austin,TX,1980,1989,46
Austin,TX,1990,1999,16
Bandera,TX,1900,1909,1
Bandera,TX,1910,1919,1
Bandera,TX,1920,1929,1
Bandera,TX,1930,1939,1
Bandera,TX,1940,1949,1
Bandera,TX,1950,1959,1
Bandera,TX,1970,1979,8
Bandera,TX,1980,1989,20
Bandera,TX,2000,2009,3
Bastrop,TX,1890,1899,1
Bastrop,TX,1900,1909,2
Bastrop,TX,1910,1919,5
Bastrop,TX,1920,1929,1
Bastrop,TX,1930,1939,3
Bastrop,TX,1940,1949,7
Bastrop,TX,1960,1969,88
Bastrop,TX,1970,1979,379
Bastrop,TX,1980,1989,128
Bastrop,TX,1990,1999,12
Bastrop,TX,2000,2009,25
Bastrop,TX,2010,2019,109
Baylor,TX,1930,1939,1
Baylor,TX,1970,1979,1
Bee,TX,1880,1889,1
Bee,TX,1900,1909,5
Bee,TX,1910,1919,3
Bee,TX,1920,1929,5
Bee,TX,1930,1939,1
Bee,TX,1950,1959,4
Bee,TX,1960,1969,5
Bee,TX,1970,1979,21
Bee,TX,1980,1989,30
Bee,TX,1990,1999,10
Bee,TX,2000,2009,19
Bell,TX,1870,1879,1
Bell,TX,1880,1889,3
Bell,TX,1890,1899,15
Bell,TX,1900,1909,17
Bell,TX,1910,1919,4
Bell,TX,1920,1929,8
Bell,TX,1930,1939,7
Bell,TX,1940,1949,8
Bell,TX,1950,1959,10
Bell,TX,1960,1969,16
Bell,TX,1970,1979,109
Bell,TX,1980,1989,326
Bell,TX,1990,1999,128
Bell,TX,2000,2009,2
Bell,TX,2010,2019,4
Bell,TX,2020,2029,1
Bexar,TX,1860,1869,1
Bexar,TX,1870,1879,4
Bexar,TX,1880,1889,14
Bexar,TX,1890,1899,8
Bexar,TX,1900,1909,70
Bexar,TX,1910,1919,12
Bexar,TX,1920,1929,13
Bexar,TX,1930,1939,202
Bexar,TX,1940,1949,73
Bexar,TX,1950,1959,77
Bexar,TX,1960,1969,549
Bexar,TX,1970,1979,3069
Bexar,TX,1980,1989,1463
Bexar,TX,1990,1999,2558
Bexar,TX,2000,2009,200
Bexar,TX,2010,2019,17
Bexar,TX,2020,2029,6
Blanco,TX,1910,1919,2
Blanco,TX,1930,1939,2
Blanco,TX,1960,1969,9
Blanco,TX,1970,1979,28
Blanco,TX,1980,1989,47
Blanco,TX,1990,1999,18
Blanco,TX,2000,2009,11
Blanco,TX,2010,2019,1
Borden,TX,1900,1909,1
Borden,TX,1970,1979,6
Bosque,TX,1890,1899,4
Bosque,TX,1900,1909,118
Bosque,TX,1910,1919,8
Bosque,TX,1920,1929,4
Bosque,TX,1930,1939,5
Bosque,TX,1940,1949,3
Bosque,TX,1950,1959,692
Bosque,TX,1960,1969,1
Bosque,TX,1970,1979,397
Bosque,TX,1980,1989,169
Bosque,TX,1990,1999,12
Bosque,TX,2000,2009,7
Bosque,TX,2010,2019,1
Bowie,TX,1890,1899,2
Bowie,TX,1930,1939,11
Bowie,TX,1940,1949,12
Bowie,TX,1950,1959,14
Bowie,TX,1960,1969,3
Bowie,TX,1970,1979,33
Bowie,TX,1980,1989,232
Brazoria,TX,1910,1919,1
Brazoria,TX,1920,1929,2
Brazoria,TX,1930,1939,6
Brazoria,TX,1940,1949,1
Brazoria,TX,1950,1959,8
Brazoria,TX,1960,1969,1
Brazoria,TX,1970,1979,142
Brazoria,TX,1980,1989,46
Brazoria,TX,1990,1999,36
Brazos,TX,1870,1879,2
Brazos,TX,1890,1899,4
Brazos,TX,1900,1909,2
Brazos,TX,1910,1919,7
Brazos,TX,1930,1939,11
Brazos,TX,1940,1949,31
Brazos,TX,1950,1959,7
Brazos,TX,1960,1969,8
Brazos,TX,1970,1979,8
Brazos,TX,1980,1989,1343
Brazos,TX,1990,1999,24
Brazos,TX,2010,2019,1
Brewster,TX,1900,1909,2
Brewster,TX,1910,1919,9
Brewster,TX,1920,1929,5
Brewster,TX,1930,1939,6
Brewster,TX,1950,1959,1
Brewster,TX,1960,1969,6
Brewster,TX,1970,1979,122
Brewster,TX,1980,1989,243
Brewster,TX,1990,1999,4
Brewster,TX,2000,2009,49
Brewster,TX,2010,2019,21
Briscoe,TX,1930,1939,1
Briscoe,TX,1940,1949,1
Briscoe,TX,1970,1979,18
Briscoe,TX,1980,1989,1
Brooks,TX,1910,1919,1
Brooks,TX,1940,1949,1
Brooks,TX,1970,1979,7
Brooks,TX,1980,1989,2
Brown,TX,1890,1899,4
Brown,TX,1900,1909,5
Brown,TX,1910,1919,15
Brown,TX,1920,1929,22
Brown,TX,1930,1939,1
Brown,TX,1940,1949,63
Brown,TX,1960,1969,5
Brown,TX,1970,1979,59
Brown,TX,1980,1989,49
Brown,TX,1990,1999,83
Brown,TX,2000,2009,15
Bryan,OK,1940,1949,2
Burleson,TX,1890,1899,7
Burleson,TX,1900,1909,9
Burleson,TX,1910,1919,2
Burleson,TX,1970,1979,41
Burleson,TX,1990,1999,1
Burleson,TX,2000,2009,35
Burnet,TX,1870,1879,5
Burnet,TX,1880,1889,12
Burnet,TX,1890,1899,4
Burnet,TX,1900,1909,5
Burnet,TX,1910,1919,3
Burnet,TX,1920,1929,2
Burnet,TX,1930,1939,6
Burnet,TX,1940,1949,8
Burnet,TX,1950,1959,6
Burnet,TX,1960,1969,10
Burnet,TX,1970,1979,162
Burnet,TX,1980,1989,75
Burnet,TX,1990,1999,19
Burnet,TX,2000,2009,22
Caldwell,TX,1910,1919,1
Caldwell,TX,1920,1929,3
Caldwell,TX,1940,1949,5
Caldwell,TX,1950,1959,6
Caldwell,TX,1970,1979,164
Caldwell,TX,1980,1989,15
Caldwell,TX,1990,1999,1
Caldwell,TX,2010,2019,297
Calhoun,TX,1890,1899,1
Calhoun,TX,1900,1909,1
Calhoun,TX,1910,1919,11
Calhoun,TX,1940,1949,4
Calhoun,TX,1950,1959,4
Calhoun,TX,1970,1979,2
Calhoun,TX,1980,1989,19
Callahan,TX,1880,1889,2
Callahan,TX,1890,1899,2
Callahan,TX,1900,1909,1
Callahan,TX,1910,1919,2
Callahan,TX,1920,1929,6
Callahan,TX,1930,1939,1
Callahan,TX,1940,1949,6
Callahan,TX,1950,1959,7
Callahan,TX,1960,1969,7
Callahan,TX,1970,1979,37
Callahan,TX,1980,1989,11
Callahan,TX,1990,1999,10
Callahan,TX,2000,2009,526
Cameron,TX,1860,1869,1
Cameron,TX,1890,1899,3
Cameron,TX,1900,1909,19
Cameron,TX,1910,1919,19
Cameron,TX,1920,1929,11
Cameron,TX,1930,1939,84
Cameron,TX,1940,1949,6
Cameron,TX,1950,1959,21
Cameron,TX,1960,1969,12
Cameron,TX,1970,1979,195
Cameron,TX,1980,1989,385
Cameron,TX,1990,1999,126
Cameron,TX,2000,2009,9
Cameron,TX,2010,2019,21
Camp,TX,1970,1979,3
Camp,TX,1980,1989,29
Carson,TX,1900,1909,1
Carson,TX,1910,1919,3
Carson,TX,1920,1929,8
Carson,TX,1970,1979,9
Carson,TX,1980,1989,2
Cass,TX,1880,1889,1
Cass,TX,1910,1919,1
Cass,TX,1930,1939,5
Cass,TX,1970,1979,19
Cass,TX,1980,1989,14
Castro,TX,1890,1899,1
Chambers,TX,1930,1939,1
Chambers,TX,1950,1959,1
Chambers,TX,1960,1969,1
Chambers,TX,1970,1979,66
Chambers,TX,1980,1989,28
Cherokee,TX,1870,1879,1
Cherokee,TX,1880,1889,1
Cherokee,TX,1920,1929,1
Cherokee,TX,1940,1949,2
Cherokee,TX,1970,1979,40
Cherokee,TX,1980,1989,414
Cherokee,TX,2000,2009,9
Childress,TX,1880,1889,2
Childress,TX,1890,1899,5
Childress,TX,1900,1909,5
Childress,TX,1910,1919,6
Childress,TX,1920,1929,7
Childress,TX,1930,1939,9
Childress,TX,1940,1949,12
Childress,TX,1950,1959,7
Childress,TX,1960,1969,2
Childress,TX,1970,1979,3
Childress,TX,1980,1989,22
Childress,TX,1990,1999,1
Childress,TX,2000,2009,1
Clay,TX,1870,1879,5
Clay,TX,1880,1889,17
Clay,TX,1890,1899,64
Clay,TX,1900,1909,153
Clay,TX,1910,1919,131
Clay,TX,1920,1929,145
Clay,TX,1930,1939,90
Clay,TX,1940,1949,45
Clay,TX,1950,1959,37
Clay,TX,1960,1969,28
Clay,TX,1970,1979,35
Clay,TX,1980,1989,12
Clay,TX,1990,1999,1
Clay,TX,2000,2009,2
Cochise,AZ,1950,1959,1
Cochran,TX,1900,1909,1
Coke,TX,1880,1889,1
Coke,TX,1950,1959,3
Coke,TX,1970,1979,4
Coleman,TX,1880,1889,1
Coleman,TX,1890,1899,3
Coleman,TX,1900,1909,2
Coleman,TX,1910,1919,7
Coleman,TX,1920,1929,5
Coleman,TX,1930,1939,2
Coleman,TX,1950,1959,1
Coleman,TX,1960,1969,2
Coleman,TX,1970,1979,20
Coleman,TX,1980,1989,68
Coleman,TX,2000,2009,7
Collin,TX,1870,1879,1
Collin,TX,1880,1889,1
Collin,TX,1890,1899,2
Collin,TX,1900,1909,26
Collin,TX,1910,1919,12
Collin,TX,1920,1929,10
Collin,TX,1930,1939,4
Collin,TX,1940,1949,5
Collin,TX,1950,1959,7
Collin,TX,1960,1969,6
Collin,TX,1970,1979,32
Collin,TX,1980,1989,1050
Collin,TX,1990,1999,27
Collin,TX,2000,2009,24
Collin,TX,2010,2019,24
Collin,TX,2020,2029,1
Collingsworth,TX,1880,1889,1
Collingsworth,TX,1890,1899,3
Collingsworth,TX,1900,1909,14
Collingsworth,TX,1910,1919,37
Collingsworth,TX,1920,1929,38
Collingsworth,TX,1930,1939,5
Collingsworth,TX,1940,1949,9
Collingsworth,TX,1950,1959,3
Collingsworth,TX,1960,1969,3
Collingsworth,TX,1970,1979,1
Collingsworth,TX,1980,1989,2
Colorado,TX,1880,1889,1
Colorado,TX,1890,1899,1
Colorado,TX,1900,1909,6
Colorado,TX,1910,1919,2
Colorado,TX,1920,1929,1
Colorado,TX,1930,1939,2
Colorado,TX,1950,1959,4
Colorado,TX,1970,1979,305
Colorado,TX,1980,1989,49
Colorado,TX,1990,1999,10
Colorado,TX,2000,2009,154
Comal,TX,1850,1859,1
Comal,TX,1860,1869,1
Comal,TX,1870,1879,3
Comal,TX,1900,1909,4
Comal,TX,1910,1919,2
Comal,TX,1920,1929,3
Comal,TX,1930,1939,1
Comal,TX,1940,1949,3
Comal,TX,1950,1959,11
Comal,TX,1960,1969,7
Comal,TX,1970,1979,523
Comal,TX,1980,1989,102
Comal,TX,1990,1999,5
Comal,TX,2000,2009,22
Comal,TX,2010,2019,83
Comanche,TX,1950,1959,1
Comanche,TX,1970,1979,23
Comanche,TX,1980,1989,14
Comanche,TX,1990,1999,2
Comanche,TX,2000,2009,26
Concho,TX,1900,1909,1
Concho,TX,1970,1979,11
Concho,TX,1980,1989,1
Concho,TX,2000,2009,4
Cooke,TX,1880,1889,13
Cooke,TX,1890,1899,19
Cooke,TX,1900,1909,14
Cooke,TX,1910,1919,7
Cooke,TX,1930,1939,3
Cooke,TX,1940,1949,2
Cooke,TX,1950,1959,5
Cooke,TX,1970,1979,47
Cooke,TX,1980,1989,247
Cooke,TX,2000,2009,2
Cooke,TX,2010,2019,9
Coryell,TX,1840,1849,1
Coryell,TX,1890,1899,7
Coryell,TX,1900,1909,4
Coryell,TX,1910,1919,6
Coryell,TX,1920,1929,8
Coryell,TX,1930,1939,1
Coryell,TX,1940,1949,1
Coryell,TX,1950,1959,3
Coryell,TX,1960,1969,2
Coryell,TX,1970,1979,18
Coryell,TX,1990,1999,6
Crane,TX,1920,1929,4
Crane,TX,1950,1959,1
Crane,TX,1960,1969,2
Crockett,TX,1910,1919,1
Crockett,TX,1920,1929,1
Crockett,TX,1930,1939,3
Crockett,TX,1940,1949,4
Crockett,TX,1950,1959,4
Crockett,TX,1960,1969,1
Crockett,TX,1970,1979,25
Crockett,TX,1980,1989,28
Crockett,TX,2000,2009,12
Crosby,TX,1890,1899,1
Crosby,TX,1970,1979,17
Crosby,TX,1980,1989,11
Culberson,TX,1890,1899,3
Culberson,TX,1900,1909,10
Culberson,TX,1910,1919,34
Culberson,TX,1920,1929,11
Culberson,TX,1930,1939,17
Culberson,TX,1940,1949,30
Culberson,TX,1950,1959,38
Culberson,TX,1960,1969,48
Culberson,TX,1970,1979,66
Culberson,TX,1980,1989,13
Culberson,TX,1990,1999,1
Culberson,TX,2000,2009,1
Culberson,TX,2010,2019,24
Dallam,TX,1910,1919,1
Dallam,TX,1920,1929,1
Dallam,TX,1930,1939,1
Dallam,TX,1980,1989,8
Dallam,TX,1990,1999,4
Dallas,TX,1850,1859,1
Dallas,TX,1860,1869,2
Dallas,TX,1870,1879,9
Dallas,TX,1880,1889,21
Dallas,TX,1890,1899,55
Dallas,TX,1900,1909,161
Dallas,TX,1910,1919,175
Dallas,TX,1920,1929,289
Dallas,TX,1930,1939,210
Dallas,TX,1940,1949,164
Dallas,TX,1950,1959,1033
Dallas,TX,1960,1969,2681
Dallas,TX,1970,1979,1906
Dallas,TX,1980,1989,5592
Dallas,TX,1990,1999,6365
Dallas,TX,2000,2009,22029
Dallas,TX,2010,2019,70305
Dallas,TX,2020,2029,34
Dawson,TX,1890,1899,1
Dawson,TX,1930,1939,1
DeWitt,TX,1880,1889,1
DeWitt,TX,1900,1909,1
DeWitt,TX,1910,1919,2
DeWitt,TX,1920,1929,3
DeWitt,TX,1930,1939,9
DeWitt,TX,1940,1949,1
DeWitt,TX,1950,1959,2
DeWitt,TX,1960,1969,11
DeWitt,TX,1970,1979,219
DeWitt,TX,1980,1989,1422
DeWitt,TX,1990,1999,151
DeWitt,TX,2000,2009,7
DeWitt,TX,2010,2019,183
DeafSmith,TX,1880,1889,2
DeafSmith,TX,1890,1899,4
DeafSmith,TX,1900,1909,37
DeafSmith,TX,1910,1919,13
DeafSmith,TX,1920,1929,22
DeafSmith,TX,1930,1939,11
DeafSmith,TX,1940,1949,16
DeafSmith,TX,1950,1959,82
DeafSmith,TX,1960,1969,324
DeafSmith,TX,1970,1979,125
DeafSmith,TX,1980,1989,202
DeafSmith,TX,1990,1999,12
Delta,TX,1920,1929,2
Delta,TX,1930,1939,1
Denton,TX,1840,1849,2
Denton,TX,1850,1859,1
Denton,TX,1860,1869,2
Denton,TX,1870,1879,4
Denton,TX,1880,1889,20
Denton,TX,1890,1899,76
Denton,TX,1900,1909,143
Denton,TX,1910,1919,197
Denton,TX,1920,1929,265
Denton,TX,1930,1939,176
Denton,TX,1940,1949,1155
Denton,TX,1950,1959,1797
Denton,TX,1960,1969,8208
Denton,TX,1970,1979,4881
Denton,TX,1980,1989,778
Denton,TX,1990,1999,1099
Denton,TX,2000,2009,3746
Denton,TX,2010,2019,5828
Denton,TX,2020,2029,228
Dickens,TX,1960,1969,1
Dickens,TX,1970,1979,6
Dickens,TX,1980,1989,1
Dimmit,TX,1920,1929,1
Dimmit,TX,1970,1979,5
Dimmit,TX,1980,1989,13
Donley,TX,1890,1899,2
Donley,TX,1900,1909,9
Donley,TX,1910,1919,2
Donley,TX,1920,1929,2
Donley,TX,1930,1939,1
Donley,TX,1950,1959,1
Donley,TX,1970,1979,19
Donley,TX,1980,1989,14
Duval,TX,1910,1919,1
Duval,TX,1970,1979,2
Duval,TX,1980,1989,2
Eastland,TX,1880,1889,1
Eastland,TX,1890,1899,6
Eastland,TX,1900,1909,3
Eastland,TX,1910,1919,4
Eastland,TX,1920,1929,15
Eastland,TX,1950,1959,28
Eastland,TX,1970,1979,16
Eastland,TX,1980,1989,56
Eastland,TX,1990,1999,1
Ector,TX,1880,1889,1
Ector,TX,1890,1899,2
Ector,TX,1900,1909,3
Ector,TX,1910,1919,2
Ector,TX,1920,1929,3
Ector,TX,1930,1939,2
Ector,TX,1940,1949,22
Ector,TX,1950,1959,5
Ector,TX,1960,1969,40
Ector,TX,1970,1979,4
Ector,TX,1980,1989,2
Ector,TX,2000,2009,3
Ector,TX,2010,2019,2
Edwards,TX,1960,1969,2
Edwards,TX,1970,1979,10
Edwards,TX,1980,1989,6
ElPaso,TX,1800,1809,1
ElPaso,TX,1850,1859,1
ElPaso,TX,1880,1889,6
ElPaso,TX,1890,1899,3
ElPaso,TX,1900,1909,52
ElPaso,TX,1910,1919,168
ElPaso,TX,1920,1929,43
ElPaso,TX,1930,1939,23
ElPaso,TX,1940,1949,39
ElPaso,TX,1950,1959,5
ElPaso,TX,1960,1969,29
ElPaso,TX,1970,1979,299
ElPaso,TX,1980,1989,470
ElPaso,TX,1990,1999,45
ElPaso,TX,2000,2009,18
ElPaso,TX,2010,2019,5
ElPaso,TX,2020,2029,3
Ellis,TX,1880,1889,1
Ellis,TX,1890,1899,4
Ellis,TX,1900,1909,5
Ellis,TX,1910,1919,1
Ellis,TX,1930,1939,1
Ellis,TX,1940,1949,2
Ellis,TX,1950,1959,12
Ellis,TX,1970,1979,301
Ellis,TX,1980,1989,2227
Ellis,TX,1990,1999,9
Ellis,TX,2000,2009,88
Ellis,TX,2010,2019,1
Erath,TX,1870,1879,1
Erath,TX,1890,1899,1
Erath,TX,1900,1909,1
Erath,TX,1910,1919,6
Erath,TX,1920,1929,11
Erath,TX,1930,1939,25
Erath,TX,1940,1949,38
Erath,TX,1950,1959,37
Erath,TX,1960,1969,12
Erath,TX,1970,1979,66
Erath,TX,1980,1989,14
Erath,TX,1990,1999,1
Erath,TX,2000,2009,41
Falls,TX,1900,1909,1
Falls,TX,1910,1919,1
Falls,TX,1920,1929,1
Falls,TX,1950,1959,1
Falls,TX,1970,1979,3
Falls,TX,1980,1989,15
Falls,TX,1990,1999,24
Fannin,TX,1850,1859,6
Fannin,TX,1870,1879,1
Fannin,TX,1880,1889,2
Fannin,TX,1890,1899,3
Fannin,TX,1900,1909,6
Fannin,TX,1910,1919,2
Fannin,TX,1930,1939,4
Fannin,TX,1940,1949,1
Fannin,TX,1950,1959,7
Fannin,TX,1960,1969,1
Fannin,TX,1970,1979,80
Fannin,TX,1980,1989,51
Fannin,TX,1990,1999,23
Fannin,TX,2000,2009,5
Fayette,TX,1880,1889,1
Fayette,TX,1890,1899,2
Fayette,TX,1910,1919,1
Fayette,TX,1920,1929,1
Fayette,TX,1950,1959,1
Fayette,TX,1960,1969,36
Fayette,TX,1970,1979,177
Fayette,TX,1980,1989,314
Fayette,TX,1990,1999,9
Fayette,TX,2000,2009,201
Fayette,TX,2010,2019,3
Fisher,TX,1900,1909,1
Fisher,TX,1970,1979,1
Floyd,TX,1900,1909,1
Floyd,TX,1920,1929,1
Floyd,TX,1970,1979,3
Floyd,TX,1990,1999,56
Foard,TX,1900,1909,1
Foard,TX,1970,1979,18
FortBend,TX,1840,1849,2
FortBend,TX,1850,1859,7
FortBend,TX,1860,1869,9
FortBend,TX,1870,1879,21
FortBend,TX,1880,1889,56
FortBend,TX,1890,1899,127
FortBend,TX,1900,1909,80
FortBend,TX,1910,1919,111
FortBend,TX,1920,1929,245
FortBend,TX,1930,1939,120
FortBend,TX,1940,1949,305
FortBend,TX,1950,1959,87
FortBend,TX,1960,1969,109
FortBend,TX,1970,1979,57
FortBend,TX,1980,1989,194
FortBend,TX,1990,1999,34
FortBend,TX,2010,2019,3
Franklin,TX,1920,1929,2
Franklin,TX,1970,1979,11
Franklin,TX,2000,2009,17
Freestone,TX,1970,1979,6
Freestone,TX,1980,1989,2
Frio,TX,1930,1939,1
Frio,TX,1970,1979,29
Gaines,TX,1930,1939,2
Galveston,TX,1840,1849,3
Galveston,TX,1870,1879,3
Galveston,TX,1880,1889,7
Galveston,TX,1890,1899,31
Galveston,TX,1900,1909,33
Galveston,TX,1910,1919,100
Galveston,TX,1920,1929,59
Galveston,TX,1930,1939,42
Galveston,TX,1940,1949,361
Galveston,TX,1950,1959,104
Galveston,TX,1960,1969,30
Galveston,TX,1970,1979,359
Galveston,TX,1980,1989,742
Galveston,TX,1990,1999,259
Galveston,TX,2000,2009,40
Galveston,TX,2010,2019,86
Galveston,TX,2020,2029,1
Garza,TX,1900,1909,1
Garza,TX,1970,1979,12
Gillespie,TX,1850,1859,1
Gillespie,TX,1860,1869,2
Gillespie,TX,1870,1879,2
Gillespie,TX,1890,1899,5
Gillespie,TX,1900,1909,32
Gillespie,TX,1910,1919,6
Gillespie,TX,1920,1929,67
Gillespie,TX,1930,1939,1
Gillespie,TX,1940,1949,8
Gillespie,TX,1950,1959,24
Gillespie,TX,1960,1969,56
Gillespie,TX,1970,1979,508
Gillespie,TX,1980,1989,198
Gillespie,TX,1990,1999,38
Gillespie,TX,2000,2009,4
Glasscock,TX,1980,1989,1
Goliad,TX,1910,1919,3
Goliad,TX,1930,1939,2
Goliad,TX,1950,1959,8
Goliad,TX,1960,1969,1
Goliad,TX,1970,1979,99
Goliad,TX,1980,1989,42
Goliad,TX,1990,1999,200
Goliad,TX,2010,2019,45
Gonzales,TX,1860,1869,1
Gonzales,TX,1920,1929,1
Gonzales,TX,1930,1939,5
Gonzales,TX,1940,1949,5
Gonzales,TX,1950,1959,3
Gonzales,TX,1960,1969,2
Gonzales,TX,1970,1979,106
Gonzales,TX,1980,1989,24
Gonzales,TX,1990,1999,21
Gonzales,TX,2010,2019,88
Gray,TX,1900,1909,3
Gray,TX,1910,1919,3
Gray,TX,1920,1929,5
Gray,TX,1980,1989,69
Grayson,TX,1880,1889,1
Grayson,TX,1890,1899,9
Grayson,TX,1900,1909,2
Grayson,TX,1910,1919,4
Grayson,TX,1920,1929,5
Grayson,TX,1930,1939,10
Grayson,TX,1940,1949,23
Grayson,TX,1950,1959,14
Grayson,TX,1960,1969,12
Grayson,TX,1970,1979,29
Grayson,TX,1980,1989,76
Grayson,TX,2010,2019,320
Gregg,TX,1850,1859,2
Gregg,TX,1870,1879,8
Gregg,TX,1880,1889,13
Gregg,TX,1890,1899,14
Gregg,TX,1900,1909,33
Gregg,TX,1910,1919,26
Gregg,TX,1920,1929,15
Gregg,TX,1930,1939,26
Gregg,TX,1940,1949,27
Gregg,TX,1950,1959,8
Gregg,TX,1960,1969,1
Gregg,TX,1970,1979,47
Gregg,TX,1980,1989,40
Grimes,TX,1860,1869,1
Grimes,TX,1900,1909,1
Grimes,TX,1920,1929,1
Grimes,TX,1930,1939,1
Grimes,TX,1970,1979,70
Grimes,TX,1980,1989,68
Grimes,TX,2010,2019,197
Guadalupe,TX,1890,1899,2
Guadalupe,TX,1900,1909,4
Guadalupe,TX,1910,1919,2
Guadalupe,TX,1920,1929,7
Guadalupe,TX,1930,1939,19
Guadalupe,TX,1940,1949,101
Guadalupe,TX,1950,1959,67
Guadalupe,TX,1960,1969,9
Guadalupe,TX,1970,1979,147
Guadalupe,TX,1980,1989,63
Guadalupe,TX,1990,1999,28
Guadalupe,TX,2000,2009,17
Hale,TX,1890,1899,2
Hale,TX,1970,1979,1
Hale,TX,1980,1989,45
Hale,TX,1990,1999,19
Hall,TX,1970,1979,1
Hall,TX,1980,1989,24
Hall,TX,2000,2009,25
Hamilton,NE,1900,1909,1
Hamilton,TX,1900,1909,2
Hamilton,TX,1910,1919,29
Hamilton,TX,1920,1929,1
Hamilton,TX,1950,1959,4
Hamilton,TX,1960,1969,1
Hamilton,TX,1970,1979,12
Hamilton,TX,1980,1989,2
Hamilton,TX,2000,2009,6
Hansford,TX,1920,1929,1
Hardeman,TX,1890,1899,1
Hardeman,TX,1900,1909,2
Hardeman,TX,1910,1919,2
Hardeman,TX,1920,1929,1
Hardeman,TX,1940,1949,2
Hardeman,TX,1960,1969,1
Hardeman,TX,1970,1979,2
Hardeman,TX,1980,1989,11
Hardeman,TX,1990,1999,1
Hardin,TX,1930,1939,1
Hardin,TX,1940,1949,2
Hardin,TX,1950,1959,6
Hardin,TX,1970,1979,23
Harris,TX,1870,1879,2
Harris,TX,1880,1889,3
Harris,TX,1890,1899,9
Harris,TX,1900,1909,7
Harris,TX,1910,1919,19
Harris,TX,1920,1929,45
Harris,TX,1930,1939,38
Harris,TX,1940,1949,63
Harris,TX,1950,1959,79
Harris,TX,1960,1969,119
Harris,TX,1970,1979,477
Harris,TX,1980,1989,1420
Harris,TX,1990,1999,461
Harris,TX,2000,2009,163
Harris,TX,2010,2019,89
Harris,TX,2020,2029,19
Harrison,TX,1860,1869,1
Harrison,TX,1870,1879,5
Harrison,TX,1890,1899,6
Harrison,TX,1900,1909,3
Harrison,TX,1910,1919,3
Harrison,TX,1920,1929,1
Harrison,TX,1930,1939,25
Harrison,TX,1940,1949,31
Harrison,TX,1950,1959,23
Harrison,TX,1960,1969,3
Harrison,TX,1970,1979,623
Harrison,TX,1980,1989,173
Harrison,TX,1990,1999,24
Harrison,TX,2000,2009,118
Hartley,TX,1900,1909,1
Hartley,TX,1920,1929,1
Hartley,TX,1960,1969,4
Hartley,TX,1980,1989,17
Haskell,TX,1970,1979,1
Hays,TX,1880,1889,2
Hays,TX,1900,1909,3
Hays,TX,1910,1919,3
Hays,TX,1930,1939,3
Hays,TX,1940,1949,35
Hays,TX,1950,1959,6
Hays,TX,1960,1969,6
Hays,TX,1970,1979,64
Hays,TX,1980,1989,89
Hays,TX,1990,1999,115
Hays,TX,2000,2009,17
Hays,TX,2010,2019,3
Hays,TX,2020,2029,1
Haywood,TN,2010,2019,1
Hemphill,TX,1900,1909,2
Hemphill,TX,1910,1919,17
Hemphill,TX,1930,1939,1
Hemphill,TX,1980,1989,40
Henderson,TX,1970,1979,46
Henderson,TX,1980,1989,23
Henderson,TX,2000,2009,10
Hidalgo,TX,1900,1909,1
Hidalgo,TX,1910,1919,64
Hidalgo,TX,1920,1929,54
Hidalgo,TX,1930,1939,56
Hidalgo,TX,1940,1949,7
Hidalgo,TX,1950,1959,14
Hidalgo,TX,1960,1969,36
Hidalgo,TX,1970,1979,70
Hidalgo,TX,1980,1989,10
Hidalgo,TX,1990,1999,99
Hidalgo,TX,2000,2009,6
Hidalgo,TX,2010,2019,4
Hidalgo,TX,2020,2029,2
Hill,TX,1900,1909,1
Hill,TX,1910,1919,1
Hill,TX,1970,1979,5
Hill,TX,1980,1989,139
Hill,TX,1990,1999,13
Hill,TX,2010,2019,79
Hockley,TX,1950,1959,1
Hood,TX,1960,1969,1
Hood,TX,1970,1979,160
Hood,TX,1980,1989,13
Hood,TX,2000,2009,22
Hopkins,TX,1970,1979,77
Hopkins,TX,1980,1989,1
Houston,TX,1900,1909,7
Houston,TX,1920,1929,2
Houston,TX,1970,1979,29
Houston,TX,1980,1989,27
Howard,TX,1890,1899,1
Howard,TX,1900,1909,5
Howard,TX,1920,1929,1
Howard,TX,1930,1939,4
Howard,TX,1940,1949,2
Howard,TX,1950,1959,1
Howard,TX,1960,1969,1
Howard,TX,1970,1979,2
Howard,TX,1980,1989,2
Howard,TX,2000,2009,9
Hudspeth,TX,1890,1899,2
Hudspeth,TX,1920,1929,1
Hudspeth,TX,1950,1959,1
Hudspeth,TX,1970,1979,29
Hudspeth,TX,1980,1989,35
Hudspeth,TX,2010,2019,4
Hunt,TX,1870,1879,2
Hunt,TX,1890,1899,2
Hunt,TX,1900,1909,3
Hunt,TX,1910,1919,3
Hunt,TX,1940,1949,9
Hunt,TX,1970,1979,1
Hunt,TX,1980,1989,18
Hunt,TX,1990,1999,19
Hunt,TX,2000,2009,28
Hutchinson,TX,1970,1979,4
Irion,TX,1970,1979,7
Irion,TX,2000,2009,5
Jack,TX,1880,1889,1
Jack,TX,1890,1899,1
Jack,TX,1900,1909,2
Jack,TX,1920,1929,1
Jack,TX,1930,1939,1
Jack,TX,1960,1969,1
Jack,TX,1970,1979,12
Jack,TX,1990,1999,37
Jack,TX,2010,2019,1
Jackson,TX,1910,1919,1
Jackson,TX,1940,1949,4
Jackson,TX,1970,1979,36
Jackson,TX,1980,1989,4
Jackson,TX,2010,2019,2
Jasper,TX,1910,1919,2
Jasper,TX,1940,1949,1
Jasper,TX,1970,1979,52
Jasper,TX,1980,1989,10
JeffDavis,TX,1870,1879,1
JeffDavis,TX,1880,1889,4
JeffDavis,TX,1890,1899,5
JeffDavis,TX,1900,1909,16
JeffDavis,TX,1910,1919,9
JeffDavis,TX,1920,1929,3
JeffDavis,TX,1930,1939,1
JeffDavis,TX,1940,1949,2
JeffDavis,TX,1950,1959,4
JeffDavis,TX,1960,1969,8
JeffDavis,TX,1970,1979,60
JeffDavis,TX,1980,1989,46
JeffDavis,TX,1990,1999,61
JeffDavis,TX,2000,2009,205
JeffDavis,TX,2010,2019,5
Jefferson,TX,1890,1899,22
Jefferson,TX,1900,1909,62
Jefferson,TX,1910,1919,185
Jefferson,TX,1920,1929,151
Jefferson,TX,1930,1939,110
Jefferson,TX,1940,1949,215
Jefferson,TX,1950,1959,311
Jefferson,TX,1960,1969,108
Jefferson,TX,1970,1979,81
Jefferson,TX,1980,1989,179
Jefferson,TX,1990,1999,154
Jefferson,TX,2000,2009,19
JimHogg,TX,2010,2019,10
JimWells,TX,1890,1899,1
JimWells,TX,1910,1919,1
JimWells,TX,1940,1949,3
JimWells,TX,1970,1979,4
JimWells,TX,1990,1999,3
Johnson,TX,1870,1879,2
Johnson,TX,1880,1889,2
Johnson,TX,1890,1899,11
Johnson,TX,1900,1909,14
Johnson,TX,1910,1919,6
Johnson,TX,1930,1939,2
Johnson,TX,1940,1949,1
Johnson,TX,1950,1959,3
Johnson,TX,1960,1969,1
Johnson,TX,1970,1979,167
Johnson,TX,1980,1989,24
Johnson,TX,2000,2009,13
Johnson,TX,2020,2029,2
Jones,TX,1870,1879,1
Jones,TX,1890,1899,1
Jones,TX,1900,1909,3
Jones,TX,1910,1919,1
Jones,TX,1930,1939,3
Jones,TX,1940,1949,2
Jones,TX,1950,1959,4
Jones,TX,1960,1969,4
Jones,TX,1970,1979,17
Jones,TX,1980,1989,53
Jones,TX,1990,1999,1
Karnes,TX,1970,1979,33
Karnes,TX,1990,1999,16
Karnes,TX,2000,2009,1
Karnes,TX,2010,2019,59
Kaufman,TX,1890,1899,2
Kaufman,TX,1900,1909,1
Kaufman,TX,1920,1929,2
Kaufman,TX,1940,1949,1
Kaufman,TX,1950,1959,2
Kaufman,TX,1960,1969,1
Kaufman,TX,1970,1979,31
Kaufman,TX,1980,1989,160
Kaufman,TX,1990,1999,164
Kaufman,TX,2000,2009,5
Kendall,TX,1870,1879,1
Kendall,TX,1890,1899,2
Kendall,TX,1900,1909,4
Kendall,TX,1910,1919,4
Kendall,TX,1920,1929,5
Kendall,TX,1930,1939,2
Kendall,TX,1960,1969,2
Kendall,TX,1970,1979,283
Kendall,TX,1980,1989,57
Kendall,TX,1990,1999,29
Kendall,TX,2000,2009,13
Kenedy,TX,1980,1989,14
Kent,TX,1970,1979,7
Kent,TX,2010,2019,2
Kerr,TX,1920,1929,24
Kerr,TX,1930,1939,22
Kerr,TX,1940,1949,11
Kerr,TX,1950,1959,10
Kerr,TX,1960,1969,1
Kerr,TX,1970,1979,106
Kerr,TX,1980,1989,24
Kerr,TX,1990,1999,6
Kerr,TX,2000,2009,18
Kimble,TX,1940,1949,4
Kimble,TX,1960,1969,2
Kimble,TX,1970,1979,51
Kimble,TX,1980,1989,32
Kimble,TX,1990,1999,4
King,TX,1910,1919,1
King,TX,1930,1939,1
Kinney,TX,1910,1919,1
Kinney,TX,1920,1929,1
Kinney,TX,1940,1949,3
Kinney,TX,1950,1959,8
Kinney,TX,1970,1979,77
Kinney,TX,1980,1989,73
Kinney,TX,1990,1999,5
Kleberg,TX,1880,1889,1
Kleberg,TX,1910,1919,1
Kleberg,TX,1940,1949,34
Kleberg,TX,1950,1959,9
Kleberg,TX,1960,1969,1
Kleberg,TX,1970,1979,2
Kleberg,TX,1980,1989,83
Kleberg,TX,1990,1999,303
Knox,TX,1920,1929,2
Knox,TX,1950,1959,39
Knox,TX,1980,1989,3
LaSalle,TX,1910,1919,1
LaSalle,TX,1920,1929,1
LaSalle,TX,1930,1939,1
LaSalle,TX,1970,1979,4
Lamar,TX,1870,1879,1
Lamar,TX,1880,1889,4
Lamar,TX,1890,1899,3
Lamar,TX,1900,1909,7
Lamar,TX,1910,1919,8
Lamar,TX,1920,1929,7
Lamar,TX,1940,1949,2
Lamar,TX,1950,1959,12
Lamar,TX,1960,1969,1
Lamar,TX,1970,1979,10
Lamar,TX,1980,1989,262
Lamar,TX,1990,1999,3
Lamar,TX,2000,2009,361
Lampasas,TX,1880,1889,1
Lampasas,TX,1890,1899,1
Lampasas,TX,1900,1909,2
Lampasas,TX,1910,1919,2
Lampasas,TX,1930,1939,3
Lampasas,TX,1950,1959,2
Lampasas,TX,1960,1969,8
Lampasas,TX,1980,1989,27
Lampasas,TX,1990,1999,5
Lampasas,TX,2000,2009,30
Larimer,CO,1950,1959,1
Lavaca,TX,1840,1849,1
Lavaca,TX,1870,1879,86
Lavaca,TX,1880,1889,5
Lavaca,TX,1890,1899,25
Lavaca,TX,1900,1909,31
Lavaca,TX,1910,1919,13
Lavaca,TX,1920,1929,5
Lavaca,TX,1930,1939,5
Lavaca,TX,1940,1949,1
Lavaca,TX,1950,1959,4
Lavaca,TX,1960,1969,1
Lavaca,TX,1970,1979,17
Lavaca,TX,1980,1989,127
Lavaca,TX,1990,1999,334
Lavaca,TX,2010,2019,94
Lee,TX,1880,1889,1
Lee,TX,1890,1899,1
Lee,TX,1970,1979,4
Lee,TX,1980,1989,9
Lee,TX,2000,2009,7
Lee,TX,2010,2019,187
Leon,TX,1970,1979,1
Leon,TX,1980,1989,82
Leon,TX,2000,2009,2
Liberty,TX,1900,1909,2
Liberty,TX,1910,1919,3
Liberty,TX,1920,1929,3
Liberty,TX,1930,1939,3
Liberty,TX,1940,1949,9
Liberty,TX,1950,1959,37
Liberty,TX,1960,1969,31
Liberty,TX,1970,1979,211
Liberty,TX,1980,1989,49
Liberty,TX,1990,1999,1
Liberty,TX,2000,2009,21
Liberty,TX,2010,2019,180
Limestone,TX,1880,1889,1
Limestone,TX,1900,1909,1
Limestone,TX,1920,1929,1
Limestone,TX,1950,1959,2
Limestone,TX,1960,1969,1
Limestone,TX,1970,1979,10
Limestone,TX,1980,1989,27
Limestone,TX,2000,2009,12
Limestone,TX,2010,2019,97
Lipscomb,TX,1880,1889,1
Lipscomb,TX,1900,1909,5
Lipscomb,TX,1910,1919,2
Lipscomb,TX,1920,1929,1
Lipscomb,TX,1930,1939,2
Lipscomb,TX,1940,1949,103
Lipscomb,TX,1950,1959,2
Lipscomb,TX,1960,1969,1
Lipscomb,TX,1970,1979,1
Lipscomb,TX,1990,1999,1
Lipscomb,TX,2000,2009,1
LiveOak,TX,1930,1939,5
LiveOak,TX,1970,1979,21
Llano,TX,1860,1869,1
Llano,TX,1880,1889,2
Llano,TX,1890,1899,1
Llano,TX,1920,1929,1
Llano,TX,1930,1939,7
Llano,TX,1940,1949,14
Llano,TX,1960,1969,3
Llano,TX,1970,1979,32
Llano,TX,1980,1989,46
Llano,TX,1990,1999,5
Llano,TX,2000,2009,48
Loving,TX,1980,1989,4
Loving,TX,1990,1999,1
Lubbock,TX,1910,1919,6
Lubbock,TX,1920,1929,1
Lubbock,TX,1950,1959,10
Lubbock,TX,1960,1969,1
Lubbock,TX,1970,1979,50
Lubbock,TX,1980,1989,87
Lubbock,TX,1990,1999,601
Madison,TX,1970,1979,15
Madison,TX,1980,1989,6
Marion,TX,1890,1899,2
Marion,TX,1900,1909,8
Marion,TX,1910,1919,1
Marion,TX,1920,1929,1
Marion,TX,1940,1949,6
Marion,TX,1970,1979,14
Marion,TX,1980,1989,64
Marion,TX,1990,1999,3
Martin,TX,1910,1919,3
Martin,TX,1970,1979,5
Martin,TX,1990,1999,9
Martin,TX,2000,2009,8
Mason,TX,1970,1979,379
Mason,TX,1980,1989,69
Mason,TX,1990,1999,1
Matagorda,TX,1910,1919,1
Matagorda,TX,1920,1929,15
Matagorda,TX,1930,1939,29
Matagorda,TX,1940,1949,104
Matagorda,TX,1950,1959,4
Matagorda,TX,1970,1979,87
Matagorda,TX,1980,1989,7
Matagorda,TX,2000,2009,5
Matagorda,TX,2010,2019,1
Maverick,TX,1900,1909,1
Maverick,TX,1910,1919,1
Maverick,TX,1950,1959,3
Maverick,TX,1970,1979,13
Maverick,TX,1980,1989,75
McCulloch,TX,1900,1909,5
McCulloch,TX,1910,1919,7
McCulloch,TX,1920,1929,3
McCulloch,TX,1930,1939,7
McCulloch,TX,1940,1949,1
McCulloch,TX,1950,1959,4
McCulloch,TX,1960,1969,1
McCulloch,TX,1970,1979,101
McCulloch,TX,1980,1989,18
McCulloch,TX,2000,2009,2
McCulloch,TX,2010,2019,1
McLennan,TX,1840,1849,2
McLennan,TX,1850,1859,1
McLennan,TX,1860,1869,3
McLennan,TX,1870,1879,1
McLennan,TX,1880,1889,8
McLennan,TX,1890,1899,45
McLennan,TX,1900,1909,62
McLennan,TX,1910,1919,67
McLennan,TX,1920,1929,72
McLennan,TX,1930,1939,27
McLennan,TX,1940,1949,29
McLennan,TX,1950,1959,89
McLennan,TX,1960,1969,13
McLennan,TX,1970,1979,27
McLennan,TX,1980,1989,247
McLennan,TX,1990,1999,128
McLennan,TX,2000,2009,24
McLennan,TX,2010,2019,80
McLennan,TX,2020,2029,3
McMullen,TX,1950,1959,1
Medina,TX,1900,1909,2
Medina,TX,1910,1919,1
Medina,TX,1920,1929,1
Medina,TX,1940,1949,1
Medina,TX,1960,1969,40
Medina,TX,1970,1979,40
Medina,TX,1980,1989,29
Medina,TX,1990,1999,4
Medina,TX,2000,2009,1
Menard,TX,1950,1959,12
Menard,TX,1970,1979,55
Menard,TX,1990,1999,6
Midland,TX,1890,1899,1
Midland,TX,1900,1909,2
Midland,TX,1920,1929,3
Midland,TX,1930,1939,9
Midland,TX,1940,1949,1
Midland,TX,1950,1959,2
Midland,TX,1960,1969,3
Midland,TX,1970,1979,18
Midland,TX,1980,1989,64
Midland,TX,2000,2009,17
Milam,TX,1930,1939,1
Milam,TX,1940,1949,4
Milam,TX,1950,1959,2
Milam,TX,1970,1979,14
Milam,TX,1980,1989,10
Milam,TX,2000,2009,34
Miller,AR,1950,1959,2
Mills,TX,1880,1889,1
Mills,TX,1890,1899,11
Mills,TX,1900,1909,15
Mills,TX,1910,1919,8
Mills,TX,1920,1929,14
Mills,TX,1930,1939,12
Mills,TX,1940,1949,10
Mills,TX,1950,1959,2
Mills,TX,1960,1969,1
Mills,TX,1970,1979,5
Mills,TX,1980,1989,4
Mills,TX,2000,2009,3
Mitchell,TX,1900,1909,2
Mitchell,TX,1910,1919,2
Mitchell,TX,1920,1929,16
Mitchell,TX,1950,1959,1
Mitchell,TX,1960,1969,12
Mitchell,TX,1970,1979,12
Mitchell,TX,2000,2009,13
Mitchell,TX,2010,2019,1
Montague,TX,1860,1869,1
Montague,TX,1870,1879,2
Montague,TX,1880,1889,2
Montague,TX,1890,1899,1
Montague,TX,1910,1919,1
Montague,TX,1940,1949,1
Montague,TX,1950,1959,4
Montague,TX,1970,1979,1
Montague,TX,2000,2009,16
Montgomery,AL,1960,1969,1
Montgomery,TX,1890,1899,1
Montgomery,TX,1900,1909,2
Montgomery,TX,1920,1929,4
Montgomery,TX,1930,1939,1
Montgomery,TX,1940,1949,1
Montgomery,TX,1960,1969,1
Montgomery,TX,1970,1979,11
Montgomery,TX,1980,1989,24
Montgomery,TX,2020,2029,4
Moore,TX,1920,1929,3
Moore,TX,1940,1949,6
Morris,TX,1920,1929,1
Morris,TX,1970,1979,8
Motley,TX,1900,1909,3
Motley,TX,1910,1919,1
Motley,TX,1920,1929,2
Motley,TX,1960,1969,7
Motley,TX,1980,1989,7
Motley,TX,1990,1999,21
Nacogdoches,TX,1880,1889,1
Nacogdoches,TX,1890,1899,2
Nacogdoches,TX,1920,1929,1
Nacogdoches,TX,1940,1949,1
Nacogdoches,TX,1970,1979,131
Nacogdoches,TX,1980,1989,49
Nacogdoches,TX,1990,1999,109
Nacogdoches,TX,2010,2019,8
Navarro,TX,1880,1889,2
Navarro,TX,1890,1899,2
Navarro,TX,1900,1909,2
Navarro,TX,1910,1919,10
Navarro,TX,1920,1929,1
Navarro,TX,1930,1939,2
Navarro,TX,1940,1949,18
Navarro,TX,1950,1959,2
Navarro,TX,1970,1979,14
Navarro,TX,1980,1989,766
Navarro,TX,1990,1999,629
Navarro,TX,2000,2009,1
Navarro,TX,2010,2019,141
Newton,TX,1920,1929,1
Newton,TX,1940,1949,2
Newton,TX,1970,1979,12
Newton,TX,1980,1989,7
Nolan,TX,1900,1909,3
Nolan,TX,1910,1919,5
Nolan,TX,1920,1929,1
Nolan,TX,1930,1939,3
Nolan,TX,1940,1949,129
Nolan,TX,1960,1969,1
Nolan,TX,1970,1979,8
Nolan,TX,1980,1989,150
Nolan,TX,1990,1999,29
Nolan,TX,2000,2009,25
Nolan,TX,2010,2019,2
Nueces,TX,1900,1909,1
Nueces,TX,1910,1919,93
Nueces,TX,1920,1929,3
Nueces,TX,1930,1939,1
Nueces,TX,1940,1949,45
Nueces,TX,1950,1959,24
Nueces,TX,1960,1969,5
Nueces,TX,1970,1979,52
Nueces,TX,1980,1989,165
Nueces,TX,1990,1999,20
Nueces,TX,2000,2009,72
Ochiltree,TX,1880,1889,2
Ochiltree,TX,1910,1919,1
Ochiltree,TX,1920,1929,2
Ochiltree,TX,1930,1939,2
Ochiltree,TX,1970,1979,1
Ochiltree,TX,1980,1989,25
Oldham,TX,1880,1889,2
Oldham,TX,1890,1899,1
Oldham,TX,1900,1909,1
Oldham,TX,1950,1959,2
Oldham,TX,1970,1979,6
Oldham,TX,1990,1999,1
Orange,TX,1840,1849,1
Orange,TX,1850,1859,1
Orange,TX,1860,1869,1
Orange,TX,1880,1889,8
Orange,TX,1890,1899,8
Orange,TX,1900,1909,16
Orange,TX,1910,1919,42
Orange,TX,1920,1929,30
Orange,TX,1930,1939,6
Orange,TX,1940,1949,44
Orange,TX,1950,1959,76
Orange,TX,1960,1969,11
Orange,TX,1970,1979,11
Orange,TX,1980,1989,119
Orange,TX,1990,1999,59
PaloPinto,TX,1880,1889,7
PaloPinto,TX,1890,1899,13
PaloPinto,TX,1900,1909,95
PaloPinto,TX,1910,1919,68
PaloPinto,TX,1920,1929,43
PaloPinto,TX,1930,1939,45
PaloPinto,TX,1940,1949,24
PaloPinto,TX,1950,1959,28
PaloPinto,TX,1960,1969,31
PaloPinto,TX,1970,1979,131
PaloPinto,TX,1980,1989,77
PaloPinto,TX,1990,1999,9
PaloPinto,TX,2000,2009,22
PaloPinto,TX,2010,2019,3
Panola,TX,1890,1899,2
Panola,TX,1970,1979,4
Panola,TX,1980,1989,25
Parker,TX,1860,1869,3
Parker,TX,1870,1879,5
Parker,TX,1880,1889,1
Parker,TX,1890,1899,38
Parker,TX,1900,1909,15
Parker,TX,1910,1919,4
Parker,TX,1920,1929,31
Parker,TX,1930,1939,64
Parker,TX,1940,1949,14
Parker,TX,1950,1959,14
Parker,TX,1960,1969,6
Parker,TX,1970,1979,61
Parker,TX,1980,1989,139
Parker,TX,1990,1999,113
Parker,TX,2000,2009,11
Parmer,TX,1900,1909,2
Parmer,TX,1910,1919,1
Parmer,TX,1920,1929,1
Pecos,TX,1880,1889,1
Pecos,TX,1920,1929,1
Pecos,TX,1930,1939,1
Pecos,TX,1950,1959,3
Pecos,TX,1960,1969,1
Pecos,TX,1970,1979,19
Pecos,TX,1980,1989,33
Pecos,TX,2000,2009,27
Polk,TX,1900,1909,4
Polk,TX,1920,1929,1
Polk,TX,1940,1949,7
Polk,TX,1970,1979,8
Polk,TX,1980,1989,19
Polk,TX,2000,2009,108
Potter,TX,1900,1909,1
Potter,TX,1910,1919,1
Potter,TX,1920,1929,16
Potter,TX,1930,1939,4
Potter,TX,1940,1949,1
Potter,TX,1950,1959,13
Potter,TX,1960,1969,1
Potter,TX,1970,1979,154
Potter,TX,1980,1989,658
Potter,TX,1990,1999,551
Potter,TX,2010,2019,4
Presidio,TX,1890,1899,7
Presidio,TX,1900,1909,13
Presidio,TX,1910,1919,61
Presidio,TX,1920,1929,33
Presidio,TX,1930,1939,18
Presidio,TX,1940,1949,18
Presidio,TX,1950,1959,16
Presidio,TX,1960,1969,101
Presidio,TX,1970,1979,278
Presidio,TX,1980,1989,6
Presidio,TX,1990,1999,57
Presidio,TX,2000,2009,32
Rains,TX,1890,1899,2
Rains,TX,1970,1979,5
Randall,TX,1890,1899,1
Randall,TX,1900,1909,6
Randall,TX,1910,1919,95
Randall,TX,1920,1929,47
Randall,TX,1950,1959,2
Randall,TX,1960,1969,5
Randall,TX,1970,1979,53
Randall,TX,1980,1989,51
Randall,TX,1990,1999,5
Reagan,TX,1960,1969,1
Reagan,TX,1970,1979,2
Real,TX,1910,1919,2
Real,TX,1990,1999,5
RedRiver,TX,1890,1899,1
RedRiver,TX,1910,1919,2
RedRiver,TX,1920,1929,2
RedRiver,TX,1950,1959,1
RedRiver,TX,1970,1979,12
RedRiver,TX,1980,1989,4
RedRiver,TX,2000,2009,14
Reeves,TX,1880,1889,3
Reeves,TX,1890,1899,1
Reeves,TX,1910,1919,4
Reeves,TX,1920,1929,2
Reeves,TX,1930,1939,2
Reeves,TX,1940,1949,1
Reeves,TX,1950,1959,2
Reeves,TX,1980,1989,1
Reeves,TX,2000,2009,9
Refugio,TX,1900,1909,1
Refugio,TX,1910,1919,15
Refugio,TX,1970,1979,1
Refugio,TX,1980,1989,17
Refugio,TX,1990,1999,22
Robertson,TX,1900,1909,1
Robertson,TX,1970,1979,216
Robertson,TX,1980,1989,30
Rockwall,TX,1980,1989,6
Rockwall,TX,1990,1999,25
Rockwall,TX,2020,2029,1
Runnels,TX,1910,1919,5
Runnels,TX,1930,1939,5
Runnels,TX,1950,1959,53
Runnels,TX,1970,1979,16
Runnels,TX,1980,1989,23
Runnels,TX,2000,2009,11
Rusk,TX,1880,1889,1
Rusk,TX,1890,1899,1
Rusk,TX,1900,1909,2
Rusk,TX,1910,1919,4
Rusk,TX,1920,1929,1
Rusk,TX,1930,1939,8
Rusk,TX,1970,1979,18
Rusk,TX,1980,1989,47
Rusk,TX,1990,1999,70
Rusk,TX,2010,2019,8
Sabine,TX,1930,1939,47
Sabine,TX,1970,1979,12
SanAugustine,TX,1980,1989,8
SanAugustine,TX,2000,2009,9
SanJacinto,TX,1950,1959,1
SanJacinto,TX,1960,1969,2
SanJacinto,TX,1970,1979,24
SanPatricio,TX,1910,1919,4
SanPatricio,TX,1920,1929,1
SanPatricio,TX,1930,1939,4
SanPatricio,TX,1940,1949,6
SanPatricio,TX,1950,1959,4
SanPatricio,TX,1960,1969,1
SanPatricio,TX,1970,1979,5
SanPatricio,TX,1980,1989,11
SanPatricio,TX,1990,1999,1
SanSaba,TX,1950,1959,1
SanSaba,TX,1970,1979,6
SanSaba,TX,1980,1989,31
SanSaba,TX,2000,2009,23
SantaFe,NM,2000,2009,1
Schleicher,TX,1940,1949,1
Schleicher,TX,1980,1989,9
Scurry,TX,1900,1909,1
Shackelford,TX,1840,1849,1
Shackelford,TX,1860,1869,2
Shackelford,TX,1870,1879,2
Shackelford,TX,1880,1889,6
Shackelford,TX,1890,1899,61
Shackelford,TX,1900,1909,27
Shackelford,TX,1910,1919,20
Shackelford,TX,1920,1929,19
Shackelford,TX,1930,1939,18
Shackelford,TX,1940,1949,303
Shackelford,TX,1950,1959,54
Shackelford,TX,1960,1969,36
Shackelford,TX,1970,1979,128
Shackelford,TX,1980,1989,8
Shackelford,TX,1990,1999,10
Shackelford,TX,2000,2009,22
Shackelford,TX,2010,2019,8
Shawnee,KS,2000,2009,1
Shelby,TX,1920,1929,3
Shelby,TX,1960,1969,2
Shelby,TX,1970,1979,15
Shelby,TX,1980,1989,12
Shelby,TX,1990,1999,12
Shelby,TX,2000,2009,1
Smith,TX,1870,1879,1
Smith,TX,1880,1889,1
Smith,TX,1890,1899,1
Smith,TX,1900,1909,3
Smith,TX,1910,1919,7
Smith,TX,1920,1929,3
Smith,TX,1930,1939,1
Smith,TX,1940,1949,2
Smith,TX,1960,1969,5
Smith,TX,1970,1979,60
Smith,TX,1980,1989,78
Smith,TX,1990,1999,38
Smith,TX,2000,2009,133
Somervell,TX,1930,1939,1
Somervell,TX,1940,1949,2
Somervell,TX,1950,1959,2
Somervell,TX,1970,1979,27
Somervell,TX,1980,1989,18
Starr,TX,1910,1919,2
Starr,TX,1920,1929,1
Starr,TX,1950,1959,4
Starr,TX,1960,1969,1
Starr,TX,1970,1979,180
Starr,TX,1980,1989,96
Starr,TX,1990,1999,93
Stephens,TX,1890,1899,5
Stephens,TX,1920,1929,1
Stephens,TX,1950,1959,9
Stephens,TX,1960,1969,13
Stephens,TX,1990,1999,27
Stephens,TX,2000,2009,24
Sterling,TX,1990,1999,4
Stonewall,TX,1970,1979,5
Stonewall,TX,1980,1989,3
Sutton,TX,1910,1919,1
Sutton,TX,1980,1989,4
Swisher,TX,1900,1909,4
Swisher,TX,1910,1919,10
Swisher,TX,1920,1929,12
Swisher,TX,1980,1989,5
Tarrant,TX,1870,1879,4
Tarrant,TX,1880,1889,7
Tarrant,TX,1890,1899,24
Tarrant,TX,1900,1909,35
Tarrant,TX,1910,1919,48
Tarrant,TX,1920,1929,64
Tarrant,TX,1930,1939,191
Tarrant,TX,1940,1949,1426
Tarrant,TX,1950,1959,1972
Tarrant,TX,1960,1969,4257
Tarrant,TX,1970,1979,1848
Tarrant,TX,1980,1989,371
Tarrant,TX,1990,1999,5576
Tarrant,TX,2000,2009,1068
Tarrant,TX,2010,2019,1113
Tarrant,TX,2020,2029,10
Taylor,TX,1800,1809,1
Taylor,TX,1880,1889,32
Taylor,TX,1890,1899,27
Taylor,TX,1900,1909,174
Taylor,TX,1910,1919,212
Taylor,TX,1920,1929,235
Taylor,TX,1930,1939,100
Taylor,TX,1940,1949,800
Taylor,TX,1950,1959,2449
Taylor,TX,1960,1969,1673
Taylor,TX,1970,1979,1338
Taylor,TX,1980,1989,1758
Taylor,TX,1990,1999,382
Taylor,TX,2000,2009,211
Taylor,TX,2010,2019,35
Terrell,TX,1970,1979,15
Terrell,TX,1980,1989,2
Terrell,TX,1990,1999,5
Terry,TX,1980,1989,1
Terry,TX,2010,2019,3
Throckmorton,TX,1910,1919,1
Throckmorton,TX,1940,1949,4
Throckmorton,TX,1950,1959,1
Throckmorton,TX,1970,1979,23
Titus,TX,1920,1929,1
Titus,TX,1930,1939,1
Titus,TX,1970,1979,3
Titus,TX,1980,1989,6
TomGreen,TX,1900,1909,1
TomGreen,TX,1910,1919,1
TomGreen,TX,1920,1929,2
TomGreen,TX,1930,1939,3
TomGreen,TX,1940,1949,3
TomGreen,TX,1950,1959,1
TomGreen,TX,1960,1969,1
TomGreen,TX,1970,1979,465
TomGreen,TX,1980,1989,118
TomGreen,TX,1990,1999,93
TomGreen,TX,2000,2009,43
TomGreen,TX,2020,2029,1
Travis,TX,1840,1849,1
Travis,TX,1850,1859,8
Travis,TX,1860,1869,18
Travis,TX,1870,1879,20
Travis,TX,1880,1889,54
Travis,TX,1890,1899,70
Travis,TX,1900,1909,95
Travis,TX,1910,1919,101
Travis,TX,1920,1929,214
Travis,TX,1930,1939,250
Travis,TX,1940,1949,1992
Travis,TX,1950,1959,2521
Travis,TX,1960,1969,823
Travis,TX,1970,1979,1446
Travis,TX,1980,1989,1847
Travis,TX,1990,1999,1302
Travis,TX,2000,2009,1012
Travis,TX,2010,2019,68
Travis,TX,2020,2029,5
Trinity,TX,1900,1909,28
Trinity,TX,1910,1919,1
Trinity,TX,1970,1979,8
Trinity,TX,1980,1989,9
Trinity,TX,2000,2009,28
Tyler,TX,1900,1909,5
Tyler,TX,1910,1919,4
Tyler,TX,1920,1929,2
Tyler,TX,1970,1979,24
Upshur,TX,1910,1919,1
Upshur,TX,1930,1939,2
Upshur,TX,1940,1949,3
Upshur,TX,1970,1979,12
Upshur,TX,1980,1989,20
Uvalde,TX,1900,1909,1
Uvalde,TX,1910,1919,1
Uvalde,TX,1950,1959,1
Uvalde,TX,1960,1969,1
Uvalde,TX,1970,1979,36
Uvalde,TX,1980,1989,32
ValVerde,TX,1890,1899,2
ValVerde,TX,1900,1909,2
ValVerde,TX,1920,1929,2
ValVerde,TX,1960,1969,36
ValVerde,TX,1970,1979,210
ValVerde,TX,1980,1989,50
ValVerde,TX,1990,1999,8
ValVerde,TX,2000,2009,2
VanZandt,TX,1890,1899,3
VanZandt,TX,1900,1909,2
VanZandt,TX,1910,1919,12
VanZandt,TX,1930,1939,2
VanZandt,TX,1940,1949,3
VanZandt,TX,1970,1979,6
VanZandt,TX,1980,1989,12
Victoria,TX,1900,1909,5
Victoria,TX,1910,1919,152
Victoria,TX,1920,1929,1
Victoria,TX,1950,1959,2
Victoria,TX,1960,1969,4
Victoria,TX,1970,1979,30
Victoria,TX,1980,1989,2890
Victoria,TX,1990,1999,11
Victoria,TX,2000,2009,6
Walker,TX,1940,1949,5
Walker,TX,1950,1959,1
Walker,TX,1960,1969,2
Walker,TX,1970,1979,31
Walker,TX,1980,1989,34
Walker,TX,1990,1999,18
Walker,TX,2000,2009,2
Waller,TX,1960,1969,2
Waller,TX,1970,1979,11
Waller,TX,1980,1989,19
Waller,TX,1990,1999,18
Ward,TX,1890,1899,1
Ward,TX,1900,1909,2
Ward,TX,1910,1919,4
Ward,TX,1920,1929,1
Ward,TX,1980,1989,1
Ward,TX,1990,1999,4
Ward,TX,2000,2009,8
Washington,TX,1860,1869,1
Washington,TX,1870,1879,2
Washington,TX,1880,1889,2
Washington,TX,1900,1909,3
Washington,TX,1910,1919,61
Washington,TX,1920,1929,57
Washington,TX,1930,1939,24
Washington,TX,1940,1949,4
Washington,TX,1950,1959,15
Washington,TX,1960,1969,59
Washington,TX,1970,1979,152
Washington,TX,1980,1989,307
Washington,TX,1990,1999,97
Webb,TX,1890,1899,1
Webb,TX,1900,1909,14
Webb,TX,1910,1919,15
Webb,TX,1920,1929,1
Webb,TX,1950,1959,2
Webb,TX,1960,1969,1
Webb,TX,1970,1979,118
Webb,TX,1980,1989,30
Webb,TX,1990,1999,24
Wharton,TX,1850,1859,2
Wharton,TX,1860,1869,1
Wharton,TX,1880,1889,3
Wharton,TX,1890,1899,8
Wharton,TX,1900,1909,50
Wharton,TX,1910,1919,57
Wharton,TX,1920,1929,117
Wharton,TX,1930,1939,66
Wharton,TX,1940,1949,114
Wharton,TX,1950,1959,54
Wharton,TX,1960,1969,33
Wharton,TX,1970,1979,66
Wharton,TX,1980,1989,839
Wharton,TX,1990,1999,52
Wharton,TX,2000,2009,14
Wharton,TX,2010,2019,1
Wheeler,TX,1870,1879,1
Wheeler,TX,1930,1939,1
Wheeler,TX,1970,1979,6
Wheeler,TX,1980,1989,1
Wheeler,TX,1990,1999,28
Wichita,TX,1880,1889,2
Wichita,TX,1900,1909,1
Wichita,TX,1910,1919,1
Wichita,TX,1920,1929,1
Wichita,TX,1940,1949,14
Wichita,TX,1950,1959,136
Wichita,TX,1960,1969,541
Wichita,TX,1970,1979,105
Wichita,TX,1980,1989,71
Wichita,TX,2020,2029,3
Wilbarger,TX,1950,1959,14
Wilbarger,TX,1960,1969,1
Wilbarger,TX,1970,1979,11
Wilbarger,TX,1980,1989,5
Willacy,TX,1950,1959,1
Willacy,TX,1970,1979,15
Willacy,TX,1980,1989,5
Williamson,TX,1850,1859,1
Williamson,TX,1860,1869,1
Williamson,TX,1880,1889,7
Williamson,TX,1890,1899,16
Williamson,TX,1900,1909,53
Williamson,TX,1910,1919,55
Williamson,TX,1920,1929,76
Williamson,TX,1930,1939,197
Williamson,TX,1940,1949,73
Williamson,TX,1950,1959,124
Williamson,TX,1960,1969,28
Williamson,TX,1970,1979,196
Williamson,TX,1980,1989,782
Williamson,TX,1990,1999,41
Williamson,TX,2000,2009,10
Williamson,TX,2010,2019,1
Wilson,TX,1870,1879,1
Wilson,TX,1880,1889,5
Wilson,TX,1890,1899,2
Wilson,TX,1900,1909,9
Wilson,TX,1910,1919,14
Wilson,TX,1920,1929,10
Wilson,TX,1930,1939,3
Wilson,TX,1940,1949,5
Wilson,TX,1950,1959,2
Wilson,TX,1960,1969,3
Wilson,TX,1970,1979,68
Wilson,TX,1980,1989,12
Wilson,TX,1990,1999,4
Wilson,TX,2000,2009,25
Wilson,TX,2010,2019,32
Winkler,TX,1900,1909,2
Winkler,TX,1920,1929,1
Winkler,TX,1930,1939,5
Winkler,TX,1960,1969,1
Winkler,TX,1980,1989,4
Wise,TX,1870,1879,1
Wise,TX,1910,1919,1
Wise,TX,1920,1929,3
Wise,TX,1950,1959,11
Wise,TX,1970,1979,9
Wise,TX,1980,1989,2
Wise,TX,2000,2009,5
Wood,TX,1900,1909,2
Wood,TX,1930,1939,3
Wood,TX,1940,1949,7
Wood,TX,1950,1959,7
Wood,TX,1970,1979,20
Wood,TX,1980,1989,50
Wood,TX,1990,1999,1
Young,TX,1890,1899,1
Young,TX,1900,1909,1
Young,TX,1910,1919,8
Young,TX,1920,1929,1
Young,TX,1930,1939,1
Young,TX,1950,1959,2
Young,TX,1970,1979,10
Young,TX,1980,1989,22
Young,TX,1990,1999,46
Zapata,TX,1970,1979,128
Zapata,TX,1990,1999,4
