field,county,state,subfeild,year,count
str_location_county,AndersonCounty,TX,untl_decade,1850-1859,2
str_location_county,AndersonCounty,TX,untl_decade,1880-1889,5
str_location_county,AndersonCounty,TX,untl_decade,1890-1899,2
str_location_county,AndersonCounty,TX,untl_decade,1900-1909,1617
str_location_county,AndersonCounty,TX,untl_decade,1910-1919,2580
str_location_county,AndersonCounty,TX,untl_decade,1920-1929,303
str_location_county,AndrewsCounty,TX,untl_decade,1900-1909,10
str_location_county,AngelinaCounty,TX,untl_decade,1880-1889,1
str_location_county,AngelinaCounty,TX,untl_decade,1910-1919,1
str_location_county,ArcherCounty,TX,untl_decade,1890-1899,1
str_location_county,ArcherCounty,TX,untl_decade,1900-1909,3
str_location_county,ArcherCounty,TX,untl_decade,1920-1929,38
str_location_county,ArcherCounty,TX,untl_decade,1930-1939,39
str_location_county,ArcherCounty,TX,untl_decade,1940-1949,314
str_location_county,ArcherCounty,TX,untl_decade,1950-1959,517
str_location_county,ArcherCounty,TX,untl_decade,1960-1969,631
str_location_county,ArcherCounty,TX,untl_decade,1970-1979,616
str_location_county,ArcherCounty,TX,untl_decade,1980-1989,524
str_location_county,ArcherCounty,TX,untl_decade,1990-1999,495
str_location_county,ArcherCounty,TX,untl_decade,2000-2009,808
str_location_county,ArcherCounty,TX,untl_decade,2010-2019,246
str_location_county,ArmstrongCounty,TX,untl_decade,1900-1909,1
str_location_county,ArmstrongCounty,TX,untl_decade,1910-1919,50
str_location_county,ArmstrongCounty,TX,untl_decade,1930-1939,403
str_location_county,ArmstrongCounty,TX,untl_decade,1940-1949,466
str_location_county,ArmstrongCounty,TX,untl_decade,1950-1959,470
str_location_county,ArmstrongCounty,TX,untl_decade,1960-1969,312
str_location_county,AustinCounty,TX,untl_decade,1820-1829,2
str_location_county,AustinCounty,TX,untl_decade,1830-1839,20
str_location_county,AustinCounty,TX,untl_decade,1860-1869,247
str_location_county,AustinCounty,TX,untl_decade,1910-1919,462
str_location_county,AustinCounty,TX,untl_decade,1920-1929,452
str_location_county,AustinCounty,TX,untl_decade,1930-1939,417
str_location_county,AustinCounty,TX,untl_decade,1940-1949,522
str_location_county,AustinCounty,TX,untl_decade,1950-1959,518
str_location_county,AustinCounty,TX,untl_decade,1960-1969,514
str_location_county,AustinCounty,TX,untl_decade,1970-1979,521
str_location_county,AustinCounty,TX,untl_decade,1980-1989,514
str_location_county,AustinCounty,TX,untl_decade,1990-1999,205
str_location_county,BanderaCounty,TX,untl_decade,1880-1889,1
str_location_county,BanderaCounty,TX,untl_decade,1940-1949,50
str_location_county,BanderaCounty,TX,untl_decade,1950-1959,259
str_location_county,BanderaCounty,TX,untl_decade,1960-1969,467
str_location_county,BanderaCounty,TX,untl_decade,1970-1979,366
str_location_county,BastropCounty,TX,untl_decade,1850-1859,6
str_location_county,BastropCounty,TX,untl_decade,1870-1879,157
str_location_county,BastropCounty,TX,untl_decade,1880-1889,304
str_location_county,BastropCounty,TX,untl_decade,1890-1899,469
str_location_county,BastropCounty,TX,untl_decade,1900-1909,475
str_location_county,BastropCounty,TX,untl_decade,1910-1919,434
str_location_county,BastropCounty,TX,untl_decade,1920-1929,351
str_location_county,BastropCounty,TX,untl_decade,1930-1939,390
str_location_county,BastropCounty,TX,untl_decade,1940-1949,592
str_location_county,BastropCounty,TX,untl_decade,1950-1959,824
str_location_county,BastropCounty,TX,untl_decade,1960-1969,725
str_location_county,BastropCounty,TX,untl_decade,1970-1979,870
str_location_county,BastropCounty,TX,untl_decade,1980-1989,710
str_location_county,BastropCounty,TX,untl_decade,1990-1999,467
str_location_county,BastropCounty,TX,untl_decade,2000-2009,281
str_location_county,BastropCounty,TX,untl_decade,2010-2019,164
str_location_county,BaylorCounty,TX,untl_decade,1880-1889,1
str_location_county,BaylorCounty,TX,untl_decade,1890-1899,41
str_location_county,BaylorCounty,TX,untl_decade,1900-1909,99
str_location_county,BaylorCounty,TX,untl_decade,1910-1919,218
str_location_county,BaylorCounty,TX,untl_decade,1920-1929,129
str_location_county,BaylorCounty,TX,untl_decade,1940-1949,238
str_location_county,BaylorCounty,TX,untl_decade,1950-1959,346
str_location_county,BaylorCounty,TX,untl_decade,1960-1969,52
str_location_county,BeeCounty,TX,untl_decade,1990-1999,14
str_location_county,BellCounty,TX,untl_decade,1850-1859,85
str_location_county,BellCounty,TX,untl_decade,1860-1869,1
str_location_county,BellCounty,TX,untl_decade,1870-1879,24
str_location_county,BellCounty,TX,untl_decade,1880-1889,314
str_location_county,BellCounty,TX,untl_decade,1890-1899,471
str_location_county,BellCounty,TX,untl_decade,1900-1909,465
str_location_county,BellCounty,TX,untl_decade,1910-1919,3267
str_location_county,BellCounty,TX,untl_decade,1920-1929,1026
str_location_county,BellCounty,TX,untl_decade,1930-1939,2
str_location_county,BellCounty,TX,untl_decade,1940-1949,27
str_location_county,BellCounty,TX,untl_decade,1950-1959,344
str_location_county,BellCounty,TX,untl_decade,1960-1969,510
str_location_county,BellCounty,TX,untl_decade,1970-1979,474
str_location_county,BellCounty,TX,untl_decade,1980-1989,833
str_location_county,BellCounty,TX,untl_decade,1990-1999,806
str_location_county,BellCounty,TX,untl_decade,2000-2009,497
str_location_county,BellCounty,TX,untl_decade,2010-2019,536
str_location_county,BexarCounty,TX,untl_decade,1840-1849,4
str_location_county,BexarCounty,TX,untl_decade,1850-1859,611
str_location_county,BexarCounty,TX,untl_decade,1860-1869,425
str_location_county,BexarCounty,TX,untl_decade,1870-1879,1081
str_location_county,BexarCounty,TX,untl_decade,1880-1889,4160
str_location_county,BexarCounty,TX,untl_decade,1890-1899,3790
str_location_county,BexarCounty,TX,untl_decade,1900-1909,5246
str_location_county,BexarCounty,TX,untl_decade,1910-1919,8310
str_location_county,BexarCounty,TX,untl_decade,1920-1929,1670
str_location_county,BexarCounty,TX,untl_decade,1930-1939,673
str_location_county,BexarCounty,TX,untl_decade,1940-1949,663
str_location_county,BexarCounty,TX,untl_decade,1950-1959,672
str_location_county,BexarCounty,TX,untl_decade,1960-1969,756
str_location_county,BexarCounty,TX,untl_decade,1970-1979,922
str_location_county,BexarCounty,TX,untl_decade,1980-1989,724
str_location_county,BexarCounty,TX,untl_decade,1990-1999,818
str_location_county,BexarCounty,TX,untl_decade,2000-2009,389
str_location_county,BexarCounty,TX,untl_decade,2010-2019,96
str_location_county,BlancoCounty,TX,untl_decade,1910-1919,5
str_location_county,BosqueCounty,TX,untl_decade,1860-1869,1
str_location_county,BosqueCounty,TX,untl_decade,1890-1899,2
str_location_county,BosqueCounty,TX,untl_decade,1900-1909,301
str_location_county,BosqueCounty,TX,untl_decade,1910-1919,516
str_location_county,BosqueCounty,TX,untl_decade,1920-1929,725
str_location_county,BosqueCounty,TX,untl_decade,1930-1939,622
str_location_county,BosqueCounty,TX,untl_decade,1940-1949,726
str_location_county,BosqueCounty,TX,untl_decade,1950-1959,521
str_location_county,BosqueCounty,TX,untl_decade,1960-1969,523
str_location_county,BosqueCounty,TX,untl_decade,1970-1979,522
str_location_county,BosqueCounty,TX,untl_decade,1980-1989,523
str_location_county,BosqueCounty,TX,untl_decade,1990-1999,729
str_location_county,BosqueCounty,TX,untl_decade,2000-2009,740
str_location_county,BosqueCounty,TX,untl_decade,2010-2019,185
str_location_county,BowieCounty,TX,untl_decade,1910-1919,10
str_location_county,BrazoriaCounty,TX,untl_decade,1830-1839,83
str_location_county,BrazoriaCounty,TX,untl_decade,1840-1849,58
str_location_county,BrazoriaCounty,TX,untl_decade,1850-1859,49
str_location_county,BrazoriaCounty,TX,untl_decade,1860-1869,5
str_location_county,BrazoriaCounty,TX,untl_decade,1880-1889,3
str_location_county,BrazoriaCounty,TX,untl_decade,1890-1899,220
str_location_county,BrazoriaCounty,TX,untl_decade,1900-1909,450
str_location_county,BrazoriaCounty,TX,untl_decade,1910-1919,508
str_location_county,BrazoriaCounty,TX,untl_decade,1920-1929,513
str_location_county,BrazoriaCounty,TX,untl_decade,1930-1939,519
str_location_county,BrazoriaCounty,TX,untl_decade,1940-1949,522
str_location_county,BrazoriaCounty,TX,untl_decade,1950-1959,521
str_location_county,BrazoriaCounty,TX,untl_decade,1960-1969,769
str_location_county,BrazoriaCounty,TX,untl_decade,1970-1979,143
str_location_county,BrazoriaCounty,TX,untl_decade,2010-2019,633
str_location_county,BrazosCounty,TX,untl_decade,1880-1889,1
str_location_county,BrazosCounty,TX,untl_decade,1890-1899,1157
str_location_county,BrazosCounty,TX,untl_decade,1900-1909,2496
str_location_county,BrazosCounty,TX,untl_decade,1910-1919,2188
str_location_county,BrazosCounty,TX,untl_decade,1920-1929,1
str_location_county,BrazosCounty,TX,untl_decade,1960-1969,1
str_location_county,BrewsterCounty,TX,untl_decade,1900-1909,259
str_location_county,BrewsterCounty,TX,untl_decade,1910-1919,513
str_location_county,BrewsterCounty,TX,untl_decade,1920-1929,53
str_location_county,BriscoeCounty,TX,untl_decade,1940-1949,1
str_location_county,BrooksCounty,TX,untl_decade,1910-1919,9
str_location_county,BrooksCounty,TX,untl_decade,1920-1929,52
str_location_county,BrooksCounty,TX,untl_decade,1930-1939,148
str_location_county,BrooksCounty,TX,untl_decade,1940-1949,261
str_location_county,BrownCounty,TX,untl_decade,1890-1899,87
str_location_county,BrownCounty,TX,untl_decade,1900-1909,704
str_location_county,BrownCounty,TX,untl_decade,1910-1919,2474
str_location_county,BrownCounty,TX,untl_decade,1920-1929,2912
str_location_county,BrownCounty,TX,untl_decade,1930-1939,3326
str_location_county,BrownCounty,TX,untl_decade,1940-1949,1184
str_location_county,BrownCounty,TX,untl_decade,1950-1959,302
str_location_county,BrownCounty,TX,untl_decade,1960-1969,293
str_location_county,BrownCounty,TX,untl_decade,1970-1979,279
str_location_county,BrownCounty,TX,untl_decade,1980-1989,239
str_location_county,BrownCounty,TX,untl_decade,1990-1999,230
str_location_county,BrownCounty,TX,untl_decade,2000-2009,165
str_location_county,BrownCounty,TX,untl_decade,2010-2019,715
str_location_county,BurlesonCounty,TX,untl_decade,1890-1899,115
str_location_county,BurlesonCounty,TX,untl_decade,1900-1909,427
str_location_county,BurlesonCounty,TX,untl_decade,1910-1919,328
str_location_county,BurlesonCounty,TX,untl_decade,1920-1929,198
str_location_county,BurlesonCounty,TX,untl_decade,1930-1939,507
str_location_county,BurlesonCounty,TX,untl_decade,1940-1949,502
str_location_county,BurlesonCounty,TX,untl_decade,1950-1959,313
str_location_county,BurnetCounty,TX,untl_decade,1960-1969,1
str_location_county,CaldwellCounty,TX,untl_decade,1850-1859,4
str_location_county,CaldwellCounty,TX,untl_decade,1870-1879,1
str_location_county,CaldwellCounty,TX,untl_decade,1900-1909,241
str_location_county,CalhounCounty,TX,untl_decade,1840-1849,1
str_location_county,CalhounCounty,TX,untl_decade,1850-1859,31
str_location_county,CalhounCounty,TX,untl_decade,1860-1869,8
str_location_county,CalhounCounty,TX,untl_decade,1870-1879,27
str_location_county,CalhounCounty,TX,untl_decade,1960-1969,2
str_location_county,CalhounCounty,TX,untl_decade,1980-1989,639
str_location_county,CalhounCounty,TX,untl_decade,1990-1999,222
str_location_county,CalhounCounty,TX,untl_decade,2010-2019,552
str_location_county,CalhounCounty,TX,untl_decade,2020-2029,10
str_location_county,CameronCounty,TX,untl_decade,1840-1849,4
str_location_county,CameronCounty,TX,untl_decade,1850-1859,5
str_location_county,CameronCounty,TX,untl_decade,1860-1869,808
str_location_county,CameronCounty,TX,untl_decade,1870-1879,131
str_location_county,CameronCounty,TX,untl_decade,1880-1889,301
str_location_county,CameronCounty,TX,untl_decade,1890-1899,1453
str_location_county,CameronCounty,TX,untl_decade,1900-1909,2605
str_location_county,CameronCounty,TX,untl_decade,1910-1919,29
str_location_county,CameronCounty,TX,untl_decade,1920-1929,1
str_location_county,CameronCounty,TX,untl_decade,1930-1939,58
str_location_county,CameronCounty,TX,untl_decade,1940-1949,52
str_location_county,CameronCounty,TX,untl_decade,1990-1999,1
str_location_county,CampCounty,TX,untl_decade,1980-1989,1
str_location_county,CarsonCounty,TX,untl_decade,1920-1929,136
str_location_county,CarsonCounty,TX,untl_decade,1930-1939,268
str_location_county,CarsonCounty,TX,untl_decade,1940-1949,778
str_location_county,CarsonCounty,TX,untl_decade,1950-1959,562
str_location_county,CarsonCounty,TX,untl_decade,1960-1969,619
str_location_county,CarsonCounty,TX,untl_decade,1970-1979,515
str_location_county,CarsonCounty,TX,untl_decade,1980-1989,256
str_location_county,CarsonCounty,TX,untl_decade,2010-2019,91
str_location_county,CassCounty,TX,untl_decade,1880-1889,6
str_location_county,CassCounty,TX,untl_decade,1890-1899,192
str_location_county,CassCounty,TX,untl_decade,1900-1909,353
str_location_county,CassCounty,TX,untl_decade,1910-1919,212
str_location_county,CassCounty,TX,untl_decade,1920-1929,255
str_location_county,CassCounty,TX,untl_decade,1930-1939,463
str_location_county,CassCounty,TX,untl_decade,1940-1949,571
str_location_county,CassCounty,TX,untl_decade,1950-1959,135
str_location_county,CassCounty,TX,untl_decade,1960-1969,4
str_location_county,CassCounty,TX,untl_decade,1970-1979,8
str_location_county,CassCounty,TX,untl_decade,1980-1989,11
str_location_county,CassCounty,TX,untl_decade,1990-1999,157
str_location_county,CassCounty,TX,untl_decade,2010-2019,29
str_location_county,CastroCounty,TX,untl_decade,1940-1949,1
str_location_county,ChambersCounty,TX,untl_decade,2010-2019,1
str_location_county,CherokeeCounty,TX,untl_decade,1880-1889,100
str_location_county,CherokeeCounty,TX,untl_decade,1890-1899,95
str_location_county,CherokeeCounty,TX,untl_decade,1900-1909,142
str_location_county,CherokeeCounty,TX,untl_decade,1910-1919,342
str_location_county,CherokeeCounty,TX,untl_decade,1920-1929,324
str_location_county,CherokeeCounty,TX,untl_decade,1930-1939,938
str_location_county,CherokeeCounty,TX,untl_decade,1940-1949,709
str_location_county,CherokeeCounty,TX,untl_decade,1950-1959,969
str_location_county,CherokeeCounty,TX,untl_decade,1960-1969,880
str_location_county,CherokeeCounty,TX,untl_decade,1970-1979,625
str_location_county,CherokeeCounty,TX,untl_decade,1980-1989,851
str_location_county,CherokeeCounty,TX,untl_decade,1990-1999,522
str_location_county,CherokeeCounty,TX,untl_decade,2000-2009,524
str_location_county,CherokeeCounty,TX,untl_decade,2010-2019,231
str_location_county,ChildressCounty,TX,untl_decade,1900-1909,2
str_location_county,ChildressCounty,TX,untl_decade,1910-1919,19
str_location_county,ChildressCounty,TX,untl_decade,1940-1949,1
str_location_county,ClayCounty,TX,untl_decade,1910-1919,1
str_location_county,ClayCounty,TX,untl_decade,1920-1929,92
str_location_county,ColemanCounty,TX,untl_decade,1890-1899,88
str_location_county,ColemanCounty,TX,untl_decade,1900-1909,136
str_location_county,ColemanCounty,TX,untl_decade,1910-1919,532
str_location_county,ColemanCounty,TX,untl_decade,1920-1929,507
str_location_county,ColemanCounty,TX,untl_decade,1930-1939,886
str_location_county,ColemanCounty,TX,untl_decade,1940-1949,1144
str_location_county,ColemanCounty,TX,untl_decade,1950-1959,801
str_location_county,ColemanCounty,TX,untl_decade,1960-1969,521
str_location_county,ColemanCounty,TX,untl_decade,1970-1979,521
str_location_county,ColemanCounty,TX,untl_decade,1980-1989,627
str_location_county,ColemanCounty,TX,untl_decade,2010-2019,302
str_location_county,CollinCounty,TX,untl_decade,1860-1869,10
str_location_county,CollinCounty,TX,untl_decade,1870-1879,37
str_location_county,CollinCounty,TX,untl_decade,1880-1889,247
str_location_county,CollinCounty,TX,untl_decade,1890-1899,496
str_location_county,CollinCounty,TX,untl_decade,1900-1909,524
str_location_county,CollinCounty,TX,untl_decade,1910-1919,678
str_location_county,CollinCounty,TX,untl_decade,1920-1929,490
str_location_county,CollinCounty,TX,untl_decade,1930-1939,396
str_location_county,CollinCounty,TX,untl_decade,1940-1949,835
str_location_county,CollinCounty,TX,untl_decade,1950-1959,580
str_location_county,CollinCounty,TX,untl_decade,1960-1969,515
str_location_county,CollinCounty,TX,untl_decade,1970-1979,514
str_location_county,CollinCounty,TX,untl_decade,1980-1989,369
str_location_county,CollinCounty,TX,untl_decade,1990-1999,409
str_location_county,CollinCounty,TX,untl_decade,2000-2009,167
str_location_county,CollinCounty,TX,untl_decade,2010-2019,103
str_location_county,CollingsworthCounty,TX,untl_decade,1920-1929,134
str_location_county,ColoradoCounty,TX,untl_decade,1850-1859,77
str_location_county,ColoradoCounty,TX,untl_decade,1860-1869,51
str_location_county,ColoradoCounty,TX,untl_decade,1870-1879,7
str_location_county,ColoradoCounty,TX,untl_decade,1880-1889,1
str_location_county,ColoradoCounty,TX,untl_decade,1910-1919,1
str_location_county,ComalCounty,TX,untl_decade,1850-1859,53
str_location_county,ComancheCounty,TX,untl_decade,1870-1879,36
str_location_county,ComancheCounty,TX,untl_decade,1880-1889,140
str_location_county,ComancheCounty,TX,untl_decade,1890-1899,2
str_location_county,ComancheCounty,TX,untl_decade,1900-1909,220
str_location_county,ComancheCounty,TX,untl_decade,1910-1919,485
str_location_county,ComancheCounty,TX,untl_decade,1920-1929,679
str_location_county,ComancheCounty,TX,untl_decade,1930-1939,969
str_location_county,ComancheCounty,TX,untl_decade,1940-1949,495
str_location_county,ComancheCounty,TX,untl_decade,1950-1959,957
str_location_county,ComancheCounty,TX,untl_decade,1960-1969,1039
str_location_county,ComancheCounty,TX,untl_decade,1970-1979,256
str_location_county,ComancheCounty,TX,untl_decade,1980-1989,621
str_location_county,ComancheCounty,TX,untl_decade,1990-1999,963
str_location_county,ComancheCounty,TX,untl_decade,2000-2009,796
str_location_county,ComancheCounty,TX,untl_decade,2010-2019,243
str_location_county,ConchoCounty,TX,untl_decade,1890-1899,1
str_location_county,ConchoCounty,TX,untl_decade,1910-1919,4
str_location_county,CookeCounty,TX,untl_decade,1880-1889,540
str_location_county,CookeCounty,TX,untl_decade,1890-1899,1746
str_location_county,CookeCounty,TX,untl_decade,1900-1909,541
str_location_county,CookeCounty,TX,untl_decade,1910-1919,1251
str_location_county,CookeCounty,TX,untl_decade,1920-1929,2294
str_location_county,CookeCounty,TX,untl_decade,2010-2019,1098
str_location_county,CookeCounty,TX,untl_decade,2020-2029,196
str_location_county,CoryellCounty,TX,untl_decade,1940-1949,1
str_location_county,CoryellCounty,TX,untl_decade,1950-1959,2
str_location_county,CoryellCounty,TX,untl_decade,1970-1979,1
str_location_county,CoryellCounty,TX,untl_decade,2010-2019,200
str_location_county,CottleCounty,TX,untl_decade,1900-1909,54
str_location_county,CottleCounty,TX,untl_decade,1910-1919,374
str_location_county,CottleCounty,TX,untl_decade,1920-1929,336
str_location_county,CottleCounty,TX,untl_decade,1930-1939,198
str_location_county,CottleCounty,TX,untl_decade,1940-1949,559
str_location_county,CottleCounty,TX,untl_decade,1950-1959,521
str_location_county,CottleCounty,TX,untl_decade,1960-1969,520
str_location_county,CottleCounty,TX,untl_decade,1970-1979,114
str_location_county,CottleCounty,TX,untl_decade,1980-1989,101
str_location_county,CottleCounty,TX,untl_decade,1990-1999,1
str_location_county,CottleCounty,TX,untl_decade,2000-2009,1
str_location_county,CottleCounty,TX,untl_decade,2010-2019,56
str_location_county,CrockettCounty,TX,untl_decade,1860-1869,1
str_location_county,CrockettCounty,TX,untl_decade,1920-1929,182
str_location_county,CrockettCounty,TX,untl_decade,1930-1939,300
str_location_county,CrosbyCounty,TX,untl_decade,1900-1909,51
str_location_county,CrosbyCounty,TX,untl_decade,1910-1919,348
str_location_county,CrosbyCounty,TX,untl_decade,1920-1929,453
str_location_county,CrosbyCounty,TX,untl_decade,1930-1939,464
str_location_county,CrosbyCounty,TX,untl_decade,1940-1949,521
str_location_county,CrosbyCounty,TX,untl_decade,1950-1959,469
str_location_county,CrosbyCounty,TX,untl_decade,1960-1969,519
str_location_county,CrosbyCounty,TX,untl_decade,1970-1979,418
str_location_county,CrosbyCounty,TX,untl_decade,2010-2019,246
str_location_county,DallamCounty,TX,untl_decade,1930-1939,49
str_location_county,DallasCounty,TX,untl_decade,1850-1859,98
str_location_county,DallasCounty,TX,untl_decade,1860-1869,445
str_location_county,DallasCounty,TX,untl_decade,1870-1879,2084
str_location_county,DallasCounty,TX,untl_decade,1880-1889,3398
str_location_county,DallasCounty,TX,untl_decade,1890-1899,494
str_location_county,DallasCounty,TX,untl_decade,1900-1909,804
str_location_county,DallasCounty,TX,untl_decade,1910-1919,1048
str_location_county,DallasCounty,TX,untl_decade,1920-1929,1516
str_location_county,DallasCounty,TX,untl_decade,1930-1939,1004
str_location_county,DallasCounty,TX,untl_decade,1940-1949,1274
str_location_county,DallasCounty,TX,untl_decade,1950-1959,844
str_location_county,DallasCounty,TX,untl_decade,1960-1969,707
str_location_county,DallasCounty,TX,untl_decade,1970-1979,758
str_location_county,DallasCounty,TX,untl_decade,1980-1989,755
str_location_county,DallasCounty,TX,untl_decade,1990-1999,851
str_location_county,DallasCounty,TX,untl_decade,2000-2009,2628
str_location_county,DallasCounty,TX,untl_decade,2010-2019,2200
str_location_county,DallasCounty,TX,untl_decade,2020-2029,44
str_location_county,DeWittCounty,TX,untl_decade,1880-1889,4
str_location_county,DeWittCounty,TX,untl_decade,1890-1899,291
str_location_county,DeWittCounty,TX,untl_decade,1900-1909,957
str_location_county,DeWittCounty,TX,untl_decade,1910-1919,731
str_location_county,DeWittCounty,TX,untl_decade,1920-1929,2130
str_location_county,DeWittCounty,TX,untl_decade,1930-1939,4022
str_location_county,DeWittCounty,TX,untl_decade,1940-1949,894
str_location_county,DeWittCounty,TX,untl_decade,1950-1959,1925
str_location_county,DeWittCounty,TX,untl_decade,1960-1969,3680
str_location_county,DeWittCounty,TX,untl_decade,1970-1979,866
str_location_county,DeWittCounty,TX,untl_decade,1980-1989,204
str_location_county,DeWittCounty,TX,untl_decade,1990-1999,130
str_location_county,DeWittCounty,TX,untl_decade,2000-2009,368
str_location_county,DeWittCounty,TX,untl_decade,2010-2019,310
str_location_county,DeafSmithCounty,TX,untl_decade,1900-1909,427
str_location_county,DeafSmithCounty,TX,untl_decade,1910-1919,497
str_location_county,DeafSmithCounty,TX,untl_decade,1920-1929,414
str_location_county,DeafSmithCounty,TX,untl_decade,1930-1939,421
str_location_county,DeafSmithCounty,TX,untl_decade,1940-1949,520
str_location_county,DeafSmithCounty,TX,untl_decade,1950-1959,518
str_location_county,DeafSmithCounty,TX,untl_decade,1960-1969,520
str_location_county,DeafSmithCounty,TX,untl_decade,1970-1979,279
str_location_county,DeafSmithCounty,TX,untl_decade,1980-1989,469
str_location_county,DeltaCounty,TX,untl_decade,1900-1909,275
str_location_county,DeltaCounty,TX,untl_decade,1910-1919,429
str_location_county,DeltaCounty,TX,untl_decade,1920-1929,685
str_location_county,DeltaCounty,TX,untl_decade,1930-1939,846
str_location_county,DeltaCounty,TX,untl_decade,1940-1949,693
str_location_county,DeltaCounty,TX,untl_decade,1950-1959,521
str_location_county,DeltaCounty,TX,untl_decade,1960-1969,388
str_location_county,DeltaCounty,TX,untl_decade,1970-1979,320
str_location_county,DeltaCounty,TX,untl_decade,1980-1989,253
str_location_county,DeltaCounty,TX,untl_decade,1990-1999,257
str_location_county,DeltaCounty,TX,untl_decade,2000-2009,287
str_location_county,DeltaCounty,TX,untl_decade,2010-2019,410
str_location_county,DentonCounty,TX,untl_decade,1860-1869,16
str_location_county,DentonCounty,TX,untl_decade,1880-1889,52
str_location_county,DentonCounty,TX,untl_decade,1890-1899,689
str_location_county,DentonCounty,TX,untl_decade,1900-1909,738
str_location_county,DentonCounty,TX,untl_decade,1910-1919,2966
str_location_county,DentonCounty,TX,untl_decade,1920-1929,2569
str_location_county,DentonCounty,TX,untl_decade,1930-1939,782
str_location_county,DentonCounty,TX,untl_decade,1940-1949,2449
str_location_county,DentonCounty,TX,untl_decade,1950-1959,1394
str_location_county,DentonCounty,TX,untl_decade,1960-1969,1001
str_location_county,DentonCounty,TX,untl_decade,1970-1979,1631
str_location_county,DentonCounty,TX,untl_decade,1980-1989,1506
str_location_county,DentonCounty,TX,untl_decade,1990-1999,759
str_location_county,DentonCounty,TX,untl_decade,2000-2009,915
str_location_county,DentonCounty,TX,untl_decade,2010-2019,3184
str_location_county,DentonCounty,TX,untl_decade,2020-2029,5
str_location_county,DickensCounty,TX,untl_decade,1910-1919,1
str_location_county,DickensCounty,TX,untl_decade,1920-1929,1
str_location_county,DonleyCounty,TX,untl_decade,1920-1929,1
str_location_county,DuvalCounty,TX,untl_decade,1910-1919,2
str_location_county,DuvalCounty,TX,untl_decade,1930-1939,117
str_location_county,DuvalCounty,TX,untl_decade,1940-1949,215
str_location_county,DuvalCounty,TX,untl_decade,1950-1959,2
str_location_county,DuvalCounty,TX,untl_decade,1980-1989,198
str_location_county,DuvalCounty,TX,untl_decade,1990-1999,476
str_location_county,EastlandCounty,TX,untl_decade,1880-1889,2
str_location_county,EastlandCounty,TX,untl_decade,1890-1899,45
str_location_county,EastlandCounty,TX,untl_decade,1900-1909,367
str_location_county,EastlandCounty,TX,untl_decade,1910-1919,23
str_location_county,EdwardsCounty,TX,untl_decade,1920-1929,117
str_location_county,EdwardsCounty,TX,untl_decade,1930-1939,443
str_location_county,EdwardsCounty,TX,untl_decade,1940-1949,206
str_location_county,EdwardsCounty,TX,untl_decade,1950-1959,519
str_location_county,EdwardsCounty,TX,untl_decade,1960-1969,105
str_location_county,ElPasoCounty,TX,untl_decade,1880-1889,1696
str_location_county,ElPasoCounty,TX,untl_decade,1890-1899,4028
str_location_county,ElPasoCounty,TX,untl_decade,1900-1909,3474
str_location_county,ElPasoCounty,TX,untl_decade,1910-1919,7588
str_location_county,ElPasoCounty,TX,untl_decade,1920-1929,322
str_location_county,ElPasoCounty,TX,untl_decade,1960-1969,2
str_location_county,ElPasoCounty,TX,untl_decade,1990-1999,1
str_location_county,EllisCounty,TX,untl_decade,1890-1899,155
str_location_county,EllisCounty,TX,untl_decade,1900-1909,2182
str_location_county,EllisCounty,TX,untl_decade,1910-1919,2170
str_location_county,EllisCounty,TX,untl_decade,1920-1929,50
str_location_county,EllisCounty,TX,untl_decade,1930-1939,97
str_location_county,EllisCounty,TX,untl_decade,1940-1949,213
str_location_county,EllisCounty,TX,untl_decade,1950-1959,2190
str_location_county,EllisCounty,TX,untl_decade,1970-1979,101
str_location_county,EllisCounty,TX,untl_decade,2010-2019,503
str_location_county,ErathCounty,TX,untl_decade,1880-1889,304
str_location_county,ErathCounty,TX,untl_decade,1890-1899,919
str_location_county,ErathCounty,TX,untl_decade,1900-1909,716
str_location_county,ErathCounty,TX,untl_decade,1910-1919,1260
str_location_county,ErathCounty,TX,untl_decade,1920-1929,1064
str_location_county,ErathCounty,TX,untl_decade,1930-1939,1176
str_location_county,ErathCounty,TX,untl_decade,1940-1949,1319
str_location_county,ErathCounty,TX,untl_decade,1950-1959,1521
str_location_county,ErathCounty,TX,untl_decade,1960-1969,1488
str_location_county,ErathCounty,TX,untl_decade,1970-1979,998
str_location_county,ErathCounty,TX,untl_decade,1980-1989,903
str_location_county,ErathCounty,TX,untl_decade,1990-1999,784
str_location_county,ErathCounty,TX,untl_decade,2000-2009,775
str_location_county,ErathCounty,TX,untl_decade,2010-2019,446
str_location_county,FanninCounty,TX,untl_decade,1840-1849,1
str_location_county,FanninCounty,TX,untl_decade,1860-1869,22
str_location_county,FanninCounty,TX,untl_decade,1870-1879,312
str_location_county,FanninCounty,TX,untl_decade,1880-1889,304
str_location_county,FanninCounty,TX,untl_decade,1890-1899,275
str_location_county,FanninCounty,TX,untl_decade,1900-1909,1843
str_location_county,FanninCounty,TX,untl_decade,1910-1919,4269
str_location_county,FanninCounty,TX,untl_decade,1920-1929,1876
str_location_county,FanninCounty,TX,untl_decade,1930-1939,832
str_location_county,FanninCounty,TX,untl_decade,1940-1949,873
str_location_county,FanninCounty,TX,untl_decade,1950-1959,805
str_location_county,FanninCounty,TX,untl_decade,1960-1969,1008
str_location_county,FanninCounty,TX,untl_decade,1970-1979,159
str_location_county,FanninCounty,TX,untl_decade,1980-1989,2
str_location_county,FanninCounty,TX,untl_decade,2010-2019,226
str_location_county,FanninCounty,TX,untl_decade,2020-2029,12
str_location_county,FayetteCounty,TX,untl_decade,1840-1849,1
str_location_county,FayetteCounty,TX,untl_decade,1850-1859,233
str_location_county,FayetteCounty,TX,untl_decade,1860-1869,66
str_location_county,FayetteCounty,TX,untl_decade,1870-1879,56
str_location_county,FayetteCounty,TX,untl_decade,1880-1889,673
str_location_county,FayetteCounty,TX,untl_decade,1890-1899,752
str_location_county,FayetteCounty,TX,untl_decade,1900-1909,1734
str_location_county,FayetteCounty,TX,untl_decade,1910-1919,1796
str_location_county,FayetteCounty,TX,untl_decade,1920-1929,1417
str_location_county,FayetteCounty,TX,untl_decade,1930-1939,1170
str_location_county,FayetteCounty,TX,untl_decade,1940-1949,1735
str_location_county,FayetteCounty,TX,untl_decade,1950-1959,2061
str_location_county,FayetteCounty,TX,untl_decade,1960-1969,1413
str_location_county,FayetteCounty,TX,untl_decade,2010-2019,248
str_location_county,FoardCounty,TX,untl_decade,1930-1939,2
str_location_county,FortBendCounty,TX,untl_decade,1840-1849,1
str_location_county,FortBendCounty,TX,untl_decade,1850-1859,44
str_location_county,FortBendCounty,TX,untl_decade,1860-1869,6
str_location_county,FortBendCounty,TX,untl_decade,1870-1879,9
str_location_county,FortBendCounty,TX,untl_decade,1880-1889,18
str_location_county,FortBendCounty,TX,untl_decade,1890-1899,2
str_location_county,FortBendCounty,TX,untl_decade,1910-1919,67
str_location_county,FortBendCounty,TX,untl_decade,1920-1929,21
str_location_county,FortBendCounty,TX,untl_decade,1980-1989,13
str_location_county,FranklinCounty,TX,untl_decade,1940-1949,81
str_location_county,FranklinCounty,TX,untl_decade,1950-1959,398
str_location_county,FranklinCounty,TX,untl_decade,1960-1969,519
str_location_county,FranklinCounty,TX,untl_decade,1970-1979,522
str_location_county,FranklinCounty,TX,untl_decade,1980-1989,262
str_location_county,FranklinCounty,TX,untl_decade,1990-1999,52
str_location_county,FranklinCounty,TX,untl_decade,2000-2009,51
str_location_county,FranklinCounty,TX,untl_decade,2010-2019,110
str_location_county,FreestoneCounty,TX,untl_decade,1850-1859,1
str_location_county,FreestoneCounty,TX,untl_decade,1890-1899,387
str_location_county,FreestoneCounty,TX,untl_decade,1900-1909,626
str_location_county,FreestoneCounty,TX,untl_decade,1910-1919,984
str_location_county,FreestoneCounty,TX,untl_decade,1920-1929,672
str_location_county,FreestoneCounty,TX,untl_decade,1930-1939,1248
str_location_county,FreestoneCounty,TX,untl_decade,1940-1949,1389
str_location_county,FreestoneCounty,TX,untl_decade,1950-1959,1289
str_location_county,FreestoneCounty,TX,untl_decade,1960-1969,509
str_location_county,FreestoneCounty,TX,untl_decade,1970-1979,259
str_location_county,FreestoneCounty,TX,untl_decade,1980-1989,52
str_location_county,FreestoneCounty,TX,untl_decade,1990-1999,313
str_location_county,FrioCounty,TX,untl_decade,1900-1909,80
str_location_county,FrioCounty,TX,untl_decade,1910-1919,326
str_location_county,FrioCounty,TX,untl_decade,1990-1999,91
str_location_county,GainesCounty,TX,untl_decade,1910-1919,114
str_location_county,GainesCounty,TX,untl_decade,1920-1929,275
str_location_county,GainesCounty,TX,untl_decade,1930-1939,471
str_location_county,GainesCounty,TX,untl_decade,1940-1949,381
str_location_county,GainesCounty,TX,untl_decade,1950-1959,499
str_location_county,GainesCounty,TX,untl_decade,1960-1969,418
str_location_county,GainesCounty,TX,untl_decade,1970-1979,53
str_location_county,GainesCounty,TX,untl_decade,1980-1989,366
str_location_county,GainesCounty,TX,untl_decade,1990-1999,469
str_location_county,GainesCounty,TX,untl_decade,2000-2009,678
str_location_county,GainesCounty,TX,untl_decade,2010-2019,133
str_location_county,GalvestonCounty,TX,untl_decade,1830-1839,6
str_location_county,GalvestonCounty,TX,untl_decade,1840-1849,157
str_location_county,GalvestonCounty,TX,untl_decade,1850-1859,409
str_location_county,GalvestonCounty,TX,untl_decade,1860-1869,802
str_location_county,GalvestonCounty,TX,untl_decade,1870-1879,1860
str_location_county,GalvestonCounty,TX,untl_decade,1880-1889,4734
str_location_county,GalvestonCounty,TX,untl_decade,1890-1899,5655
str_location_county,GalvestonCounty,TX,untl_decade,1900-1909,3044
str_location_county,GalvestonCounty,TX,untl_decade,1910-1919,484
str_location_county,GalvestonCounty,TX,untl_decade,1930-1939,1
str_location_county,GalvestonCounty,TX,untl_decade,2010-2019,2
str_location_county,GillespieCounty,TX,untl_decade,1920-1929,49
str_location_county,GillespieCounty,TX,untl_decade,1930-1939,9
str_location_county,GillespieCounty,TX,untl_decade,1940-1949,450
str_location_county,GillespieCounty,TX,untl_decade,1950-1959,250
str_location_county,GillespieCounty,TX,untl_decade,1960-1969,145
str_location_county,GillespieCounty,TX,untl_decade,1970-1979,418
str_location_county,GillespieCounty,TX,untl_decade,1980-1989,506
str_location_county,GillespieCounty,TX,untl_decade,1990-1999,558
str_location_county,GillespieCounty,TX,untl_decade,2000-2009,259
str_location_county,GillespieCounty,TX,untl_decade,2010-2019,79
str_location_county,GoliadCounty,TX,untl_decade,1850-1859,6
str_location_county,GoliadCounty,TX,untl_decade,1860-1869,4
str_location_county,GoliadCounty,TX,untl_decade,1870-1879,4
str_location_county,GoliadCounty,TX,untl_decade,1900-1909,1
str_location_county,GonzalesCounty,TX,untl_decade,1850-1859,103
str_location_county,GonzalesCounty,TX,untl_decade,1860-1869,2
str_location_county,GonzalesCounty,TX,untl_decade,1870-1879,3
str_location_county,GonzalesCounty,TX,untl_decade,1910-1919,7
str_location_county,GrayCounty,TX,untl_decade,1930-1939,197
str_location_county,GrayCounty,TX,untl_decade,1950-1959,291
str_location_county,GraysonCounty,TX,untl_decade,1870-1879,3854
str_location_county,GraysonCounty,TX,untl_decade,1880-1889,1028
str_location_county,GraysonCounty,TX,untl_decade,1890-1899,558
str_location_county,GraysonCounty,TX,untl_decade,1900-1909,1031
str_location_county,GraysonCounty,TX,untl_decade,1910-1919,1509
str_location_county,GraysonCounty,TX,untl_decade,1920-1929,1042
str_location_county,GraysonCounty,TX,untl_decade,1930-1939,2919
str_location_county,GraysonCounty,TX,untl_decade,1940-1949,2715
str_location_county,GraysonCounty,TX,untl_decade,1950-1959,933
str_location_county,GraysonCounty,TX,untl_decade,1960-1969,377
str_location_county,GraysonCounty,TX,untl_decade,1970-1979,463
str_location_county,GraysonCounty,TX,untl_decade,1980-1989,153
str_location_county,GraysonCounty,TX,untl_decade,2010-2019,373
str_location_county,GraysonCounty,TX,untl_decade,2020-2029,43
str_location_county,GreggCounty,TX,untl_decade,1940-1949,102
str_location_county,GreggCounty,TX,untl_decade,1950-1959,1332
str_location_county,GrimesCounty,TX,untl_decade,1850-1859,32
str_location_county,GrimesCounty,TX,untl_decade,1890-1899,263
str_location_county,GrimesCounty,TX,untl_decade,1900-1909,652
str_location_county,GrimesCounty,TX,untl_decade,1910-1919,153
str_location_county,GrimesCounty,TX,untl_decade,1920-1929,1253
str_location_county,GrimesCounty,TX,untl_decade,1940-1949,98
str_location_county,GrimesCounty,TX,untl_decade,1950-1959,52
str_location_county,GrimesCounty,TX,untl_decade,1960-1969,2
str_location_county,GrimesCounty,TX,untl_decade,2010-2019,102
str_location_county,GuadalupeCounty,TX,untl_decade,1850-1859,43
str_location_county,GuadalupeCounty,TX,untl_decade,1880-1889,1
str_location_county,GuadalupeCounty,TX,untl_decade,1900-1909,473
str_location_county,GuadalupeCounty,TX,untl_decade,1910-1919,457
str_location_county,GuadalupeCounty,TX,untl_decade,1920-1929,514
str_location_county,GuadalupeCounty,TX,untl_decade,1930-1939,199
str_location_county,GuadalupeCounty,TX,untl_decade,1940-1949,99
str_location_county,GuadalupeCounty,TX,untl_decade,1950-1959,128
str_location_county,GuadalupeCounty,TX,untl_decade,1960-1969,258
str_location_county,GuadalupeCounty,TX,untl_decade,1970-1979,58
str_location_county,HaleCounty,TX,untl_decade,1910-1919,6
str_location_county,HaleCounty,TX,untl_decade,1920-1929,1
str_location_county,HallCounty,TX,untl_decade,1920-1929,1
str_location_county,HamiltonCounty,TX,untl_decade,1900-1909,1
str_location_county,HamiltonCounty,TX,untl_decade,1910-1919,9
str_location_county,HamiltonCounty,TX,untl_decade,1920-1929,2
str_location_county,HamiltonCounty,TX,untl_decade,1950-1959,2
str_location_county,HansfordCounty,TX,untl_decade,2010-2019,2
str_location_county,HardemanCounty,TX,untl_decade,1910-1919,20
str_location_county,HardemanCounty,TX,untl_decade,1920-1929,1
str_location_county,HardinCounty,TX,untl_decade,1910-1919,4
str_location_county,HardinCounty,TX,untl_decade,1920-1929,51
str_location_county,HardinCounty,TX,untl_decade,1930-1939,76
str_location_county,HardinCounty,TX,untl_decade,1950-1959,313
str_location_county,HardinCounty,TX,untl_decade,1960-1969,740
str_location_county,HardinCounty,TX,untl_decade,1970-1979,522
str_location_county,HardinCounty,TX,untl_decade,1980-1989,522
str_location_county,HardinCounty,TX,untl_decade,1990-1999,51
str_location_county,HardinCounty,TX,untl_decade,2000-2009,61
str_location_county,HardinCounty,TX,untl_decade,2010-2019,21
str_location_county,HarrisCounty,TX,untl_decade,1830-1839,159
str_location_county,HarrisCounty,TX,untl_decade,1840-1849,708
str_location_county,HarrisCounty,TX,untl_decade,1850-1859,327
str_location_county,HarrisCounty,TX,untl_decade,1860-1869,856
str_location_county,HarrisCounty,TX,untl_decade,1870-1879,469
str_location_county,HarrisCounty,TX,untl_decade,1890-1899,1365
str_location_county,HarrisCounty,TX,untl_decade,1900-1909,3240
str_location_county,HarrisCounty,TX,untl_decade,1910-1919,3827
str_location_county,HarrisCounty,TX,untl_decade,1920-1929,2292
str_location_county,HarrisCounty,TX,untl_decade,1930-1939,3392
str_location_county,HarrisCounty,TX,untl_decade,1940-1949,4433
str_location_county,HarrisCounty,TX,untl_decade,1950-1959,3941
str_location_county,HarrisCounty,TX,untl_decade,1960-1969,4209
str_location_county,HarrisCounty,TX,untl_decade,1970-1979,4316
str_location_county,HarrisCounty,TX,untl_decade,1980-1989,4252
str_location_county,HarrisCounty,TX,untl_decade,1990-1999,3512
str_location_county,HarrisCounty,TX,untl_decade,2000-2009,6822
str_location_county,HarrisCounty,TX,untl_decade,2010-2019,4414
str_location_county,HarrisonCounty,TX,untl_decade,1840-1849,30
str_location_county,HarrisonCounty,TX,untl_decade,1850-1859,525
str_location_county,HarrisonCounty,TX,untl_decade,1860-1869,413
str_location_county,HarrisonCounty,TX,untl_decade,1940-1949,1
str_location_county,HarrisonCounty,TX,untl_decade,1960-1969,1
str_location_county,HaskellCounty,TX,untl_decade,1930-1939,1
str_location_county,HaskellCounty,TX,untl_decade,1950-1959,2
str_location_county,HaskellCounty,TX,untl_decade,1960-1969,128
str_location_county,HaskellCounty,TX,untl_decade,1990-1999,2
str_location_county,HaysCounty,TX,untl_decade,1870-1879,115
str_location_county,HaysCounty,TX,untl_decade,1880-1889,590
str_location_county,HaysCounty,TX,untl_decade,1890-1899,60
str_location_county,HaysCounty,TX,untl_decade,1900-1909,36
str_location_county,HaysCounty,TX,untl_decade,1910-1919,135
str_location_county,HaysCounty,TX,untl_decade,1920-1929,347
str_location_county,HaysCounty,TX,untl_decade,1930-1939,133
str_location_county,HaysCounty,TX,untl_decade,1940-1949,3
str_location_county,HemphillCounty,TX,untl_decade,1880-1889,183
str_location_county,HemphillCounty,TX,untl_decade,1890-1899,2
str_location_county,HemphillCounty,TX,untl_decade,1900-1909,1
str_location_county,HemphillCounty,TX,untl_decade,1910-1919,30
str_location_county,HemphillCounty,TX,untl_decade,1920-1929,311
str_location_county,HemphillCounty,TX,untl_decade,1930-1939,355
str_location_county,HemphillCounty,TX,untl_decade,1940-1949,514
str_location_county,HemphillCounty,TX,untl_decade,1950-1959,461
str_location_county,HemphillCounty,TX,untl_decade,1960-1969,157
str_location_county,HemphillCounty,TX,untl_decade,1970-1979,261
str_location_county,HemphillCounty,TX,untl_decade,1980-1989,208
str_location_county,HemphillCounty,TX,untl_decade,1990-1999,519
str_location_county,HemphillCounty,TX,untl_decade,2000-2009,489
str_location_county,HemphillCounty,TX,untl_decade,2010-2019,167
str_location_county,HidalgoCounty,TX,untl_decade,1910-1919,233
str_location_county,HidalgoCounty,TX,untl_decade,1920-1929,1427
str_location_county,HidalgoCounty,TX,untl_decade,1930-1939,321
str_location_county,HidalgoCounty,TX,untl_decade,1940-1949,360
str_location_county,HidalgoCounty,TX,untl_decade,1950-1959,471
str_location_county,HidalgoCounty,TX,untl_decade,1960-1969,582
str_location_county,HidalgoCounty,TX,untl_decade,1970-1979,554
str_location_county,HidalgoCounty,TX,untl_decade,1980-1989,386
str_location_county,HillCounty,TX,untl_decade,1880-1889,9
str_location_county,HillCounty,TX,untl_decade,1890-1899,6
str_location_county,HillCounty,TX,untl_decade,1900-1909,47
str_location_county,HillCounty,TX,untl_decade,1910-1919,14
str_location_county,HillCounty,TX,untl_decade,1920-1929,1
str_location_county,HillCounty,TX,untl_decade,1950-1959,7
str_location_county,HillCounty,TX,untl_decade,1960-1969,38
str_location_county,HockleyCounty,TX,untl_decade,1920-1929,29
str_location_county,HockleyCounty,TX,untl_decade,1930-1939,202
str_location_county,HockleyCounty,TX,untl_decade,1940-1949,668
str_location_county,HockleyCounty,TX,untl_decade,1950-1959,1464
str_location_county,HockleyCounty,TX,untl_decade,1960-1969,997
str_location_county,HockleyCounty,TX,untl_decade,1970-1979,453
str_location_county,HockleyCounty,TX,untl_decade,1980-1989,546
str_location_county,HockleyCounty,TX,untl_decade,1990-1999,521
str_location_county,HockleyCounty,TX,untl_decade,2000-2009,453
str_location_county,HoodCounty,TX,untl_decade,1890-1899,1
str_location_county,HoodCounty,TX,untl_decade,1900-1909,3
str_location_county,HoodCounty,TX,untl_decade,1910-1919,3
str_location_county,HoodCounty,TX,untl_decade,1960-1969,1
str_location_county,HopkinsCounty,TX,untl_decade,1900-1909,211
str_location_county,HopkinsCounty,TX,untl_decade,1910-1919,753
str_location_county,HopkinsCounty,TX,untl_decade,1920-1929,594
str_location_county,HopkinsCounty,TX,untl_decade,1930-1939,899
str_location_county,HopkinsCounty,TX,untl_decade,1940-1949,868
str_location_county,HopkinsCounty,TX,untl_decade,1950-1959,3181
str_location_county,HopkinsCounty,TX,untl_decade,1960-1969,1532
str_location_county,HopkinsCounty,TX,untl_decade,1970-1979,411
str_location_county,HopkinsCounty,TX,untl_decade,1980-1989,1481
str_location_county,HopkinsCounty,TX,untl_decade,1990-1999,981
str_location_county,HopkinsCounty,TX,untl_decade,2000-2009,102
str_location_county,HoustonCounty,TX,untl_decade,1860-1869,1
str_location_county,HoustonCounty,TX,untl_decade,1900-1909,2
str_location_county,HoustonCounty,TX,untl_decade,1910-1919,138
str_location_county,HudspethCounty,TX,untl_decade,1920-1929,15
str_location_county,HudspethCounty,TX,untl_decade,1950-1959,159
str_location_county,HudspethCounty,TX,untl_decade,1960-1969,359
str_location_county,HudspethCounty,TX,untl_decade,1970-1979,419
str_location_county,HudspethCounty,TX,untl_decade,1980-1989,208
str_location_county,HudspethCounty,TX,untl_decade,2000-2009,417
str_location_county,HudspethCounty,TX,untl_decade,2010-2019,157
str_location_county,HuntCounty,TX,untl_decade,1880-1889,2
str_location_county,HuntCounty,TX,untl_decade,1890-1899,1
str_location_county,HuntCounty,TX,untl_decade,1900-1909,4
str_location_county,HuntCounty,TX,untl_decade,1910-1919,235
str_location_county,HuntCounty,TX,untl_decade,1950-1959,422
str_location_county,HuntCounty,TX,untl_decade,1960-1969,312
str_location_county,HuntCounty,TX,untl_decade,1970-1979,454
str_location_county,HuntCounty,TX,untl_decade,1980-1989,131
str_location_county,HutchinsonCounty,TX,untl_decade,1920-1929,580
str_location_county,HutchinsonCounty,TX,untl_decade,1930-1939,639
str_location_county,HutchinsonCounty,TX,untl_decade,1940-1949,1974
str_location_county,HutchinsonCounty,TX,untl_decade,2010-2019,2
str_location_county,JackCounty,TX,untl_decade,1860-1869,1
str_location_county,JackCounty,TX,untl_decade,1870-1879,174
str_location_county,JackCounty,TX,untl_decade,1880-1889,137
str_location_county,JackCounty,TX,untl_decade,1890-1899,469
str_location_county,JackCounty,TX,untl_decade,1900-1909,747
str_location_county,JackCounty,TX,untl_decade,1910-1919,789
str_location_county,JackCounty,TX,untl_decade,1920-1929,465
str_location_county,JackCounty,TX,untl_decade,1930-1939,517
str_location_county,JackCounty,TX,untl_decade,1940-1949,380
str_location_county,JackCounty,TX,untl_decade,1950-1959,311
str_location_county,JackCounty,TX,untl_decade,1960-1969,308
str_location_county,JackCounty,TX,untl_decade,1970-1979,498
str_location_county,JackCounty,TX,untl_decade,1980-1989,465
str_location_county,JackCounty,TX,untl_decade,1990-1999,53
str_location_county,JackCounty,TX,untl_decade,2010-2019,346
str_location_county,JacksonCounty,TX,untl_decade,1880-1889,1
str_location_county,JacksonCounty,TX,untl_decade,1910-1919,55
str_location_county,JacksonCounty,TX,untl_decade,1930-1939,50
str_location_county,JacksonCounty,TX,untl_decade,1940-1949,219
str_location_county,JacksonCounty,TX,untl_decade,1950-1959,519
str_location_county,JacksonCounty,TX,untl_decade,1960-1969,313
str_location_county,JacksonCounty,TX,untl_decade,2010-2019,175
str_location_county,JasperCounty,TX,untl_decade,1860-1869,1
str_location_county,JasperCounty,TX,untl_decade,1870-1879,139
str_location_county,JasperCounty,TX,untl_decade,1880-1889,53
str_location_county,JeffersonCounty,TX,untl_decade,1860-1869,4
str_location_county,JeffersonCounty,TX,untl_decade,1870-1879,2
str_location_county,JeffersonCounty,TX,untl_decade,1890-1899,62
str_location_county,JeffersonCounty,TX,untl_decade,1900-1909,88
str_location_county,JeffersonCounty,TX,untl_decade,1930-1939,3
str_location_county,JeffersonCounty,TX,untl_decade,1940-1949,101
str_location_county,JeffersonCounty,TX,untl_decade,1950-1959,198
str_location_county,JeffersonCounty,TX,untl_decade,1960-1969,251
str_location_county,JeffersonCounty,TX,untl_decade,1970-1979,339
str_location_county,JeffersonCounty,TX,untl_decade,1980-1989,475
str_location_county,JeffersonCounty,TX,untl_decade,1990-1999,474
str_location_county,JeffersonCounty,TX,untl_decade,2000-2009,238
str_location_county,JimHoggCounty,TX,untl_decade,1920-1929,235
str_location_county,JimHoggCounty,TX,untl_decade,1930-1939,382
str_location_county,JimHoggCounty,TX,untl_decade,1940-1949,154
str_location_county,JimWellsCounty,TX,untl_decade,1890-1899,24
str_location_county,JimWellsCounty,TX,untl_decade,1900-1909,81
str_location_county,JimWellsCounty,TX,untl_decade,1910-1919,10
str_location_county,JimWellsCounty,TX,untl_decade,1960-1969,1
str_location_county,JohnsonCounty,TX,untl_decade,1870-1879,3
str_location_county,JohnsonCounty,TX,untl_decade,1880-1889,13
str_location_county,JohnsonCounty,TX,untl_decade,1890-1899,17
str_location_county,JohnsonCounty,TX,untl_decade,1900-1909,9
str_location_county,JohnsonCounty,TX,untl_decade,1910-1919,310
str_location_county,JohnsonCounty,TX,untl_decade,1920-1929,39
str_location_county,JohnsonCounty,TX,untl_decade,1930-1939,1659
str_location_county,JohnsonCounty,TX,untl_decade,1940-1949,1451
str_location_county,JohnsonCounty,TX,untl_decade,1950-1959,117
str_location_county,JohnsonCounty,TX,untl_decade,1960-1969,659
str_location_county,JohnsonCounty,TX,untl_decade,1970-1979,1139
str_location_county,JohnsonCounty,TX,untl_decade,1980-1989,1264
str_location_county,JohnsonCounty,TX,untl_decade,1990-1999,678
str_location_county,JohnsonCounty,TX,untl_decade,2000-2009,63
str_location_county,JohnsonCounty,TX,untl_decade,2010-2019,364
str_location_county,JonesCounty,TX,untl_decade,1900-1909,162
str_location_county,JonesCounty,TX,untl_decade,1910-1919,2
str_location_county,JonesCounty,TX,untl_decade,1920-1929,475
str_location_county,JonesCounty,TX,untl_decade,1930-1939,625
str_location_county,JonesCounty,TX,untl_decade,1940-1949,686
str_location_county,JonesCounty,TX,untl_decade,1950-1959,353
str_location_county,JonesCounty,TX,untl_decade,1960-1969,404
str_location_county,JonesCounty,TX,untl_decade,1970-1979,520
str_location_county,JonesCounty,TX,untl_decade,1980-1989,366
str_location_county,JonesCounty,TX,untl_decade,1990-1999,469
str_location_county,JonesCounty,TX,untl_decade,2000-2009,381
str_location_county,KarnesCounty,TX,untl_decade,1930-1939,2
str_location_county,KaufmanCounty,TX,untl_decade,1860-1869,1
str_location_county,KaufmanCounty,TX,untl_decade,1880-1889,1
str_location_county,KaufmanCounty,TX,untl_decade,1900-1909,2
str_location_county,KaufmanCounty,TX,untl_decade,1920-1929,6
str_location_county,KaufmanCounty,TX,untl_decade,1940-1949,6
str_location_county,KaufmanCounty,TX,untl_decade,1950-1959,4
str_location_county,KaufmanCounty,TX,untl_decade,2010-2019,208
str_location_county,KendallCounty,TX,untl_decade,1890-1899,1
str_location_county,KendallCounty,TX,untl_decade,1910-1919,4
str_location_county,KendallCounty,TX,untl_decade,1940-1949,522
str_location_county,KendallCounty,TX,untl_decade,1950-1959,520
str_location_county,KendallCounty,TX,untl_decade,1960-1969,313
str_location_county,KerrCounty,TX,untl_decade,1920-1929,1
str_location_county,KerrCounty,TX,untl_decade,1930-1939,2
str_location_county,KimbleCounty,TX,untl_decade,1910-1919,1
str_location_county,KimbleCounty,TX,untl_decade,1920-1929,255
str_location_county,KinneyCounty,TX,untl_decade,1890-1899,14
str_location_county,KinneyCounty,TX,untl_decade,1900-1909,1
str_location_county,KinneyCounty,TX,untl_decade,1910-1919,13
str_location_county,KlebergCounty,TX,untl_decade,1910-1919,52
str_location_county,KlebergCounty,TX,untl_decade,1920-1929,278
str_location_county,KlebergCounty,TX,untl_decade,1930-1939,291
str_location_county,KnoxCounty,TX,untl_decade,1900-1909,90
str_location_county,KnoxCounty,TX,untl_decade,1910-1919,35
str_location_county,LaSalleCounty,TX,untl_decade,1880-1889,2
str_location_county,LaSalleCounty,TX,untl_decade,1900-1909,1
str_location_county,LaSalleCounty,TX,untl_decade,1910-1919,1
str_location_county,LaSalleCounty,TX,untl_decade,1920-1929,334
str_location_county,LaSalleCounty,TX,untl_decade,1930-1939,311
str_location_county,LaSalleCounty,TX,untl_decade,1940-1949,307
str_location_county,LaSalleCounty,TX,untl_decade,1950-1959,379
str_location_county,LaSalleCounty,TX,untl_decade,1960-1969,183
str_location_county,LaSalleCounty,TX,untl_decade,1970-1979,488
str_location_county,LaSalleCounty,TX,untl_decade,1980-1989,407
str_location_county,LamarCounty,TX,untl_decade,1850-1859,35
str_location_county,LamarCounty,TX,untl_decade,1880-1889,1
str_location_county,LamarCounty,TX,untl_decade,1890-1899,6
str_location_county,LamarCounty,TX,untl_decade,1910-1919,449
str_location_county,LamarCounty,TX,untl_decade,1920-1929,301
str_location_county,LamarCounty,TX,untl_decade,1930-1939,367
str_location_county,LamarCounty,TX,untl_decade,1940-1949,522
str_location_county,LamarCounty,TX,untl_decade,1950-1959,156
str_location_county,LamarCounty,TX,untl_decade,1970-1979,2
str_location_county,LamarCounty,TX,untl_decade,1980-1989,85
str_location_county,LambCounty,TX,untl_decade,1930-1939,1
str_location_county,LampasasCounty,TX,untl_decade,1850-1859,1
str_location_county,LampasasCounty,TX,untl_decade,1870-1879,24
str_location_county,LampasasCounty,TX,untl_decade,1880-1889,50
str_location_county,LampasasCounty,TX,untl_decade,1890-1899,117
str_location_county,LampasasCounty,TX,untl_decade,1900-1909,1461
str_location_county,LampasasCounty,TX,untl_decade,1910-1919,2677
str_location_county,LampasasCounty,TX,untl_decade,1920-1929,416
str_location_county,LampasasCounty,TX,untl_decade,1930-1939,3796
str_location_county,LampasasCounty,TX,untl_decade,1940-1949,448
str_location_county,LampasasCounty,TX,untl_decade,1980-1989,1
str_location_county,LavacaCounty,TX,untl_decade,1870-1879,30
str_location_county,LavacaCounty,TX,untl_decade,1880-1889,100
str_location_county,LavacaCounty,TX,untl_decade,1890-1899,867
str_location_county,LavacaCounty,TX,untl_decade,1900-1909,1058
str_location_county,LavacaCounty,TX,untl_decade,1910-1919,1486
str_location_county,LavacaCounty,TX,untl_decade,1920-1929,1166
str_location_county,LavacaCounty,TX,untl_decade,1930-1939,1342
str_location_county,LavacaCounty,TX,untl_decade,1940-1949,991
str_location_county,LavacaCounty,TX,untl_decade,1950-1959,961
str_location_county,LavacaCounty,TX,untl_decade,1960-1969,416
str_location_county,LeonCounty,TX,untl_decade,1890-1899,1
str_location_county,LibertyCounty,TX,untl_decade,1900-1909,3
str_location_county,LibertyCounty,TX,untl_decade,1910-1919,1
str_location_county,LibertyCounty,TX,untl_decade,1980-1989,340
str_location_county,LibertyCounty,TX,untl_decade,1990-1999,326
str_location_county,LibertyCounty,TX,untl_decade,2000-2009,172
str_location_county,LimestoneCounty,TX,untl_decade,1900-1909,340
str_location_county,LimestoneCounty,TX,untl_decade,1910-1919,503
str_location_county,LimestoneCounty,TX,untl_decade,1920-1929,309
str_location_county,LimestoneCounty,TX,untl_decade,1930-1939,304
str_location_county,LimestoneCounty,TX,untl_decade,1940-1949,440
str_location_county,LimestoneCounty,TX,untl_decade,1970-1979,100
str_location_county,LipscombCounty,TX,untl_decade,1910-1919,281
str_location_county,LipscombCounty,TX,untl_decade,1920-1929,352
str_location_county,LipscombCounty,TX,untl_decade,1930-1939,382
str_location_county,LipscombCounty,TX,untl_decade,1940-1949,97
str_location_county,LipscombCounty,TX,untl_decade,1950-1959,15
str_location_county,LipscombCounty,TX,untl_decade,1960-1969,187
str_location_county,LipscombCounty,TX,untl_decade,1970-1979,1
str_location_county,LiveOakCounty,TX,untl_decade,1910-1919,1
str_location_county,LlanoCounty,TX,untl_decade,1910-1919,310
str_location_county,LlanoCounty,TX,untl_decade,1920-1929,432
str_location_county,LlanoCounty,TX,untl_decade,1930-1939,459
str_location_county,LlanoCounty,TX,untl_decade,1940-1949,313
str_location_county,LlanoCounty,TX,untl_decade,1950-1959,313
str_location_county,LlanoCounty,TX,untl_decade,1960-1969,156
str_location_county,LlanoCounty,TX,untl_decade,1970-1979,469
str_location_county,LlanoCounty,TX,untl_decade,1980-1989,418
str_location_county,LlanoCounty,TX,untl_decade,1990-1999,365
str_location_county,LlanoCounty,TX,untl_decade,2000-2009,418
str_location_county,LlanoCounty,TX,untl_decade,2010-2019,52
str_location_county,LubbockCounty,TX,untl_decade,1900-1909,35
str_location_county,LubbockCounty,TX,untl_decade,1910-1919,202
str_location_county,LubbockCounty,TX,untl_decade,1920-1929,183
str_location_county,LubbockCounty,TX,untl_decade,1930-1939,14
str_location_county,LubbockCounty,TX,untl_decade,1940-1949,181
str_location_county,LubbockCounty,TX,untl_decade,1950-1959,239
str_location_county,LubbockCounty,TX,untl_decade,1960-1969,198
str_location_county,LubbockCounty,TX,untl_decade,1970-1979,57
str_location_county,LubbockCounty,TX,untl_decade,1980-1989,17
str_location_county,LubbockCounty,TX,untl_decade,1990-1999,23
str_location_county,LubbockCounty,TX,untl_decade,2000-2009,3
str_location_county,LynnCounty,TX,untl_decade,1920-1929,18
str_location_county,LynnCounty,TX,untl_decade,1930-1939,105
str_location_county,MadisonCounty,TX,untl_decade,1920-1929,97
str_location_county,MarionCounty,TX,untl_decade,1850-1859,3
str_location_county,MarionCounty,TX,untl_decade,1860-1869,64
str_location_county,MarionCounty,TX,untl_decade,1870-1879,16
str_location_county,MarionCounty,TX,untl_decade,1880-1889,4
str_location_county,MarionCounty,TX,untl_decade,1890-1899,5
str_location_county,MarionCounty,TX,untl_decade,1900-1909,223
str_location_county,MarionCounty,TX,untl_decade,1910-1919,191
str_location_county,MarionCounty,TX,untl_decade,1930-1939,33
str_location_county,MarionCounty,TX,untl_decade,1940-1949,26
str_location_county,MarionCounty,TX,untl_decade,1950-1959,32
str_location_county,MartinCounty,TX,untl_decade,1910-1919,12
str_location_county,MatagordaCounty,TX,untl_decade,1830-1839,31
str_location_county,MatagordaCounty,TX,untl_decade,1840-1849,12
str_location_county,MatagordaCounty,TX,untl_decade,1850-1859,87
str_location_county,MatagordaCounty,TX,untl_decade,1860-1869,65
str_location_county,MatagordaCounty,TX,untl_decade,1890-1899,93
str_location_county,MatagordaCounty,TX,untl_decade,1900-1909,76
str_location_county,MatagordaCounty,TX,untl_decade,1910-1919,1893
str_location_county,MatagordaCounty,TX,untl_decade,1920-1929,797
str_location_county,MatagordaCounty,TX,untl_decade,1930-1939,585
str_location_county,MatagordaCounty,TX,untl_decade,1940-1949,607
str_location_county,MatagordaCounty,TX,untl_decade,1950-1959,571
str_location_county,MatagordaCounty,TX,untl_decade,1960-1969,520
str_location_county,MatagordaCounty,TX,untl_decade,1970-1979,309
str_location_county,MatagordaCounty,TX,untl_decade,1980-1989,519
str_location_county,MatagordaCounty,TX,untl_decade,1990-1999,301
str_location_county,MatagordaCounty,TX,untl_decade,2010-2019,72
str_location_county,MaverickCounty,TX,untl_decade,1890-1899,150
str_location_county,MaverickCounty,TX,untl_decade,1900-1909,52
str_location_county,MaverickCounty,TX,untl_decade,1910-1919,53
str_location_county,MaverickCounty,TX,untl_decade,1940-1949,85
str_location_county,McCullochCounty,TX,untl_decade,1920-1929,1
str_location_county,McCullochCounty,TX,untl_decade,1950-1959,567
str_location_county,McCullochCounty,TX,untl_decade,1960-1969,624
str_location_county,McCullochCounty,TX,untl_decade,2010-2019,68
str_location_county,McLennanCounty,TX,untl_decade,1850-1859,9
str_location_county,McLennanCounty,TX,untl_decade,1860-1869,3
str_location_county,McLennanCounty,TX,untl_decade,1870-1879,285
str_location_county,McLennanCounty,TX,untl_decade,1880-1889,2032
str_location_county,McLennanCounty,TX,untl_decade,1890-1899,562
str_location_county,McLennanCounty,TX,untl_decade,1900-1909,4
str_location_county,McLennanCounty,TX,untl_decade,1910-1919,263
str_location_county,McLennanCounty,TX,untl_decade,1920-1929,518
str_location_county,McLennanCounty,TX,untl_decade,1930-1939,1413
str_location_county,McLennanCounty,TX,untl_decade,1940-1949,1986
str_location_county,McLennanCounty,TX,untl_decade,1950-1959,1941
str_location_county,McLennanCounty,TX,untl_decade,1960-1969,1172
str_location_county,McLennanCounty,TX,untl_decade,1970-1979,1080
str_location_county,McLennanCounty,TX,untl_decade,1980-1989,583
str_location_county,McLennanCounty,TX,untl_decade,1990-1999,529
str_location_county,McLennanCounty,TX,untl_decade,2000-2009,155
str_location_county,McLennanCounty,TX,untl_decade,2010-2019,116
str_location_county,MedinaCounty,TX,untl_decade,1900-1909,280
str_location_county,MedinaCounty,TX,untl_decade,1910-1919,470
str_location_county,MedinaCounty,TX,untl_decade,1920-1929,521
str_location_county,MedinaCounty,TX,untl_decade,1930-1939,454
str_location_county,MedinaCounty,TX,untl_decade,1940-1949,258
str_location_county,MedinaCounty,TX,untl_decade,1950-1959,520
str_location_county,MedinaCounty,TX,untl_decade,1960-1969,310
str_location_county,MedinaCounty,TX,untl_decade,1970-1979,521
str_location_county,MedinaCounty,TX,untl_decade,1980-1989,522
str_location_county,MedinaCounty,TX,untl_decade,1990-1999,521
str_location_county,MedinaCounty,TX,untl_decade,2000-2009,390
str_location_county,MedinaCounty,TX,untl_decade,2010-2019,117
str_location_county,MilamCounty,TX,untl_decade,1870-1879,1
str_location_county,MilamCounty,TX,untl_decade,1880-1889,7
str_location_county,MilamCounty,TX,untl_decade,1890-1899,118
str_location_county,MilamCounty,TX,untl_decade,1900-1909,360
str_location_county,MilamCounty,TX,untl_decade,1910-1919,510
str_location_county,MilamCounty,TX,untl_decade,1920-1929,462
str_location_county,MilamCounty,TX,untl_decade,1930-1939,523
str_location_county,MilamCounty,TX,untl_decade,1940-1949,823
str_location_county,MilamCounty,TX,untl_decade,1950-1959,987
str_location_county,MilamCounty,TX,untl_decade,1960-1969,730
str_location_county,MillsCounty,TX,untl_decade,1890-1899,7
str_location_county,MillsCounty,TX,untl_decade,1900-1909,166
str_location_county,MillsCounty,TX,untl_decade,1910-1919,375
str_location_county,MillsCounty,TX,untl_decade,1920-1929,120
str_location_county,MillsCounty,TX,untl_decade,1930-1939,859
str_location_county,MillsCounty,TX,untl_decade,1940-1949,294
str_location_county,MillsCounty,TX,untl_decade,1950-1959,392
str_location_county,MillsCounty,TX,untl_decade,1960-1969,431
str_location_county,MillsCounty,TX,untl_decade,1970-1979,379
str_location_county,MitchellCounty,TX,untl_decade,1890-1899,1
str_location_county,MitchellCounty,TX,untl_decade,1900-1909,5
str_location_county,MontagueCounty,TX,untl_decade,1900-1909,167
str_location_county,MontagueCounty,TX,untl_decade,1910-1919,524
str_location_county,MontagueCounty,TX,untl_decade,1920-1929,322
str_location_county,MontagueCounty,TX,untl_decade,1930-1939,622
str_location_county,MontagueCounty,TX,untl_decade,1940-1949,559
str_location_county,MontagueCounty,TX,untl_decade,1950-1959,620
str_location_county,MontagueCounty,TX,untl_decade,1960-1969,580
str_location_county,MontagueCounty,TX,untl_decade,1970-1979,157
str_location_county,MontagueCounty,TX,untl_decade,1980-1989,52
str_location_county,MontagueCounty,TX,untl_decade,2000-2009,141
str_location_county,MontagueCounty,TX,untl_decade,2010-2019,227
str_location_county,MontgomeryCounty,TX,untl_decade,1870-1879,1
str_location_county,MontgomeryCounty,TX,untl_decade,1880-1889,9
str_location_county,MontgomeryCounty,TX,untl_decade,1890-1899,17
str_location_county,MontgomeryCounty,TX,untl_decade,1900-1909,32
str_location_county,MontgomeryCounty,TX,untl_decade,1910-1919,298
str_location_county,MontgomeryCounty,TX,untl_decade,1920-1929,205
str_location_county,MorrisCounty,TX,untl_decade,1900-1909,93
str_location_county,MorrisCounty,TX,untl_decade,1910-1919,123
str_location_county,MorrisCounty,TX,untl_decade,1920-1929,268
str_location_county,MorrisCounty,TX,untl_decade,1930-1939,54
str_location_county,MorrisCounty,TX,untl_decade,1940-1949,15
str_location_county,MorrisCounty,TX,untl_decade,1950-1959,213
str_location_county,MorrisCounty,TX,untl_decade,1960-1969,518
str_location_county,MorrisCounty,TX,untl_decade,1970-1979,161
str_location_county,MorrisCounty,TX,untl_decade,2010-2019,30
str_location_county,NacogdochesCounty,TX,untl_decade,1830-1839,3
str_location_county,NacogdochesCounty,TX,untl_decade,1850-1859,12
str_location_county,NacogdochesCounty,TX,untl_decade,1880-1889,7
str_location_county,NacogdochesCounty,TX,untl_decade,1890-1899,4
str_location_county,NacogdochesCounty,TX,untl_decade,1910-1919,13
str_location_county,NavarroCounty,TX,untl_decade,1850-1859,7
str_location_county,NavarroCounty,TX,untl_decade,1860-1869,101
str_location_county,NavarroCounty,TX,untl_decade,1880-1889,45
str_location_county,NavarroCounty,TX,untl_decade,1890-1899,15
str_location_county,NavarroCounty,TX,untl_decade,1900-1909,40
str_location_county,NavarroCounty,TX,untl_decade,1910-1919,2
str_location_county,NavarroCounty,TX,untl_decade,1920-1929,67
str_location_county,NavarroCounty,TX,untl_decade,1930-1939,1
str_location_county,NavarroCounty,TX,untl_decade,1940-1949,41
str_location_county,NavarroCounty,TX,untl_decade,1950-1959,197
str_location_county,NavarroCounty,TX,untl_decade,1980-1989,270
str_location_county,NavarroCounty,TX,untl_decade,2000-2009,104
str_location_county,NavarroCounty,TX,untl_decade,2010-2019,98
str_location_county,NewtonCounty,TX,untl_decade,2000-2009,60
str_location_county,NewtonCounty,TX,untl_decade,2010-2019,29
str_location_county,NolanCounty,TX,untl_decade,1910-1919,53
str_location_county,NolanCounty,TX,untl_decade,1930-1939,1183
str_location_county,NolanCounty,TX,untl_decade,1940-1949,2903
str_location_county,NolanCounty,TX,untl_decade,1950-1959,1706
str_location_county,NolanCounty,TX,untl_decade,1970-1979,1
str_location_county,NolanCounty,TX,untl_decade,2000-2009,299
str_location_county,NolanCounty,TX,untl_decade,2010-2019,844
str_location_county,NuecesCounty,TX,untl_decade,1840-1849,48
str_location_county,NuecesCounty,TX,untl_decade,1850-1859,14
str_location_county,NuecesCounty,TX,untl_decade,1860-1869,129
str_location_county,NuecesCounty,TX,untl_decade,1870-1879,1
str_location_county,NuecesCounty,TX,untl_decade,1900-1909,90
str_location_county,NuecesCounty,TX,untl_decade,1910-1919,1790
str_location_county,NuecesCounty,TX,untl_decade,1920-1929,970
str_location_county,NuecesCounty,TX,untl_decade,1950-1959,39
str_location_county,NuecesCounty,TX,untl_decade,1960-1969,231
str_location_county,NuecesCounty,TX,untl_decade,1970-1979,729
str_location_county,NuecesCounty,TX,untl_decade,1980-1989,960
str_location_county,NuecesCounty,TX,untl_decade,1990-1999,769
str_location_county,NuecesCounty,TX,untl_decade,2000-2009,790
str_location_county,NuecesCounty,TX,untl_decade,2010-2019,346
str_location_county,NuecesCounty,TX,untl_decade,2020-2029,9
str_location_county,OrangeCounty,TX,untl_decade,1870-1879,1
str_location_county,OrangeCounty,TX,untl_decade,1880-1889,1
str_location_county,OrangeCounty,TX,untl_decade,1890-1899,2
str_location_county,OrangeCounty,TX,untl_decade,1900-1909,1581
str_location_county,OrangeCounty,TX,untl_decade,1910-1919,306
str_location_county,OrangeCounty,TX,untl_decade,1920-1929,1072
str_location_county,OrangeCounty,TX,untl_decade,1930-1939,2268
str_location_county,OrangeCounty,TX,untl_decade,1940-1949,2553
str_location_county,OrangeCounty,TX,untl_decade,1950-1959,2035
str_location_county,OrangeCounty,TX,untl_decade,1960-1969,259
str_location_county,OrangeCounty,TX,untl_decade,1980-1989,135
str_location_county,OrangeCounty,TX,untl_decade,1990-1999,501
str_location_county,OrangeCounty,TX,untl_decade,2000-2009,103
str_location_county,PaloPintoCounty,TX,untl_decade,1870-1879,7
str_location_county,PaloPintoCounty,TX,untl_decade,1880-1889,107
str_location_county,PaloPintoCounty,TX,untl_decade,1890-1899,8
str_location_county,PaloPintoCounty,TX,untl_decade,1900-1909,840
str_location_county,PaloPintoCounty,TX,untl_decade,1910-1919,165
str_location_county,PaloPintoCounty,TX,untl_decade,1920-1929,33
str_location_county,PaloPintoCounty,TX,untl_decade,1930-1939,427
str_location_county,PaloPintoCounty,TX,untl_decade,1940-1949,110
str_location_county,PaloPintoCounty,TX,untl_decade,1950-1959,5
str_location_county,PaloPintoCounty,TX,untl_decade,1960-1969,103
str_location_county,PaloPintoCounty,TX,untl_decade,1970-1979,36
str_location_county,PaloPintoCounty,TX,untl_decade,1980-1989,208
str_location_county,PaloPintoCounty,TX,untl_decade,2000-2009,11
str_location_county,PaloPintoCounty,TX,untl_decade,2010-2019,276
str_location_county,PanolaCounty,TX,untl_decade,1870-1879,330
str_location_county,PanolaCounty,TX,untl_decade,1880-1889,86
str_location_county,PanolaCounty,TX,untl_decade,1890-1899,104
str_location_county,PanolaCounty,TX,untl_decade,1900-1909,326
str_location_county,PanolaCounty,TX,untl_decade,1910-1919,439
str_location_county,PanolaCounty,TX,untl_decade,1920-1929,433
str_location_county,PanolaCounty,TX,untl_decade,1930-1939,241
str_location_county,PanolaCounty,TX,untl_decade,1940-1949,405
str_location_county,PanolaCounty,TX,untl_decade,1950-1959,393
str_location_county,PanolaCounty,TX,untl_decade,1960-1969,459
str_location_county,PanolaCounty,TX,untl_decade,1970-1979,339
str_location_county,PanolaCounty,TX,untl_decade,1980-1989,73
str_location_county,PanolaCounty,TX,untl_decade,1990-1999,563
str_location_county,PanolaCounty,TX,untl_decade,2000-2009,961
str_location_county,PanolaCounty,TX,untl_decade,2010-2019,462
str_location_county,ParkerCounty,TX,untl_decade,1850-1859,1
str_location_county,ParkerCounty,TX,untl_decade,1860-1869,1
str_location_county,ParkerCounty,TX,untl_decade,1870-1879,3
str_location_county,ParkerCounty,TX,untl_decade,1880-1889,19
str_location_county,ParkerCounty,TX,untl_decade,1890-1899,63
str_location_county,ParkerCounty,TX,untl_decade,1900-1909,333
str_location_county,ParkerCounty,TX,untl_decade,1910-1919,2497
str_location_county,ParkerCounty,TX,untl_decade,1920-1929,1417
str_location_county,ParkerCounty,TX,untl_decade,1930-1939,40
str_location_county,ParkerCounty,TX,untl_decade,1940-1949,152
str_location_county,ParkerCounty,TX,untl_decade,1950-1959,173
str_location_county,ParkerCounty,TX,untl_decade,1960-1969,99
str_location_county,ParkerCounty,TX,untl_decade,1970-1979,104
str_location_county,ParkerCounty,TX,untl_decade,1980-1989,78
str_location_county,ParkerCounty,TX,untl_decade,1990-1999,109
str_location_county,ParkerCounty,TX,untl_decade,2000-2009,12
str_location_county,ParkerCounty,TX,untl_decade,2010-2019,6
str_location_county,PecosCounty,TX,untl_decade,1890-1899,21
str_location_county,PecosCounty,TX,untl_decade,1900-1909,88
str_location_county,PecosCounty,TX,untl_decade,1910-1919,420
str_location_county,PecosCounty,TX,untl_decade,1920-1929,101
str_location_county,PolkCounty,TX,untl_decade,1890-1899,2
str_location_county,PolkCounty,TX,untl_decade,1900-1909,164
str_location_county,PolkCounty,TX,untl_decade,1910-1919,207
str_location_county,PolkCounty,TX,untl_decade,1930-1939,381
str_location_county,PolkCounty,TX,untl_decade,1940-1949,335
str_location_county,PolkCounty,TX,untl_decade,1950-1959,313
str_location_county,PolkCounty,TX,untl_decade,1960-1969,414
str_location_county,PolkCounty,TX,untl_decade,1970-1979,51
str_location_county,PolkCounty,TX,untl_decade,1980-1989,955
str_location_county,PolkCounty,TX,untl_decade,1990-1999,860
str_location_county,PolkCounty,TX,untl_decade,2000-2009,977
str_location_county,PolkCounty,TX,untl_decade,2010-2019,518
str_location_county,PotterCounty,TX,untl_decade,1900-1909,164
str_location_county,PotterCounty,TX,untl_decade,1910-1919,1000
str_location_county,PotterCounty,TX,untl_decade,1920-1929,738
str_location_county,PotterCounty,TX,untl_decade,1930-1939,1
str_location_county,PresidioCounty,TX,untl_decade,1900-1909,85
str_location_county,PresidioCounty,TX,untl_decade,1910-1919,124
str_location_county,RainsCounty,TX,untl_decade,1900-1909,121
str_location_county,RainsCounty,TX,untl_decade,1910-1919,295
str_location_county,RainsCounty,TX,untl_decade,1920-1929,367
str_location_county,RainsCounty,TX,untl_decade,1930-1939,52
str_location_county,RainsCounty,TX,untl_decade,1960-1969,256
str_location_county,RainsCounty,TX,untl_decade,1970-1979,287
str_location_county,RainsCounty,TX,untl_decade,1980-1989,255
str_location_county,RainsCounty,TX,untl_decade,1990-1999,511
str_location_county,RainsCounty,TX,untl_decade,2000-2009,511
str_location_county,RainsCounty,TX,untl_decade,2010-2019,206
str_location_county,RandallCounty,TX,untl_decade,1900-1909,400
str_location_county,RandallCounty,TX,untl_decade,1910-1919,39
str_location_county,ReaganCounty,TX,untl_decade,1920-1929,142
str_location_county,ReaganCounty,TX,untl_decade,1930-1939,269
str_location_county,ReaganCounty,TX,untl_decade,1940-1949,352
str_location_county,ReaganCounty,TX,untl_decade,1950-1959,418
str_location_county,ReaganCounty,TX,untl_decade,1960-1969,521
str_location_county,ReaganCounty,TX,untl_decade,1970-1979,522
str_location_county,ReaganCounty,TX,untl_decade,1980-1989,524
str_location_county,ReaganCounty,TX,untl_decade,1990-1999,470
str_location_county,ReaganCounty,TX,untl_decade,2010-2019,1
str_location_county,RedRiverCounty,TX,untl_decade,1840-1849,308
str_location_county,RedRiverCounty,TX,untl_decade,1850-1859,452
str_location_county,RedRiverCounty,TX,untl_decade,1860-1869,192
str_location_county,RedRiverCounty,TX,untl_decade,1870-1879,72
str_location_county,RedRiverCounty,TX,untl_decade,1880-1889,419
str_location_county,RedRiverCounty,TX,untl_decade,1890-1899,8
str_location_county,RedRiverCounty,TX,untl_decade,1900-1909,198
str_location_county,RedRiverCounty,TX,untl_decade,1910-1919,114
str_location_county,RedRiverCounty,TX,untl_decade,1920-1929,245
str_location_county,RedRiverCounty,TX,untl_decade,1930-1939,376
str_location_county,RedRiverCounty,TX,untl_decade,1940-1949,1053
str_location_county,RedRiverCounty,TX,untl_decade,1950-1959,1224
str_location_county,RedRiverCounty,TX,untl_decade,1960-1969,1061
str_location_county,RedRiverCounty,TX,untl_decade,1970-1979,890
str_location_county,RedRiverCounty,TX,untl_decade,1980-1989,779
str_location_county,RedRiverCounty,TX,untl_decade,1990-1999,541
str_location_county,RedRiverCounty,TX,untl_decade,2000-2009,149
str_location_county,RedRiverCounty,TX,untl_decade,2010-2019,93
str_location_county,ReevesCounty,TX,untl_decade,1910-1919,1
str_location_county,ReevesCounty,TX,untl_decade,1920-1929,87
str_location_county,ReevesCounty,TX,untl_decade,1930-1939,68
str_location_county,ReevesCounty,TX,untl_decade,1940-1949,79
str_location_county,RefugioCounty,TX,untl_decade,1890-1899,46
str_location_county,RefugioCounty,TX,untl_decade,1900-1909,231
str_location_county,RefugioCounty,TX,untl_decade,1910-1919,68
str_location_county,RefugioCounty,TX,untl_decade,1920-1929,6
str_location_county,RefugioCounty,TX,untl_decade,1930-1939,511
str_location_county,RefugioCounty,TX,untl_decade,1940-1949,518
str_location_county,RefugioCounty,TX,untl_decade,1950-1959,102
str_location_county,RefugioCounty,TX,untl_decade,1960-1969,686
str_location_county,RefugioCounty,TX,untl_decade,1970-1979,9
str_location_county,RefugioCounty,TX,untl_decade,2010-2019,136
str_location_county,RobertsonCounty,TX,untl_decade,1860-1869,1
str_location_county,RobertsonCounty,TX,untl_decade,1910-1919,3
str_location_county,RunnelsCounty,TX,untl_decade,1900-1909,370
str_location_county,RunnelsCounty,TX,untl_decade,1910-1919,1789
str_location_county,RunnelsCounty,TX,untl_decade,1920-1929,723
str_location_county,RunnelsCounty,TX,untl_decade,1930-1939,189
str_location_county,RunnelsCounty,TX,untl_decade,1940-1949,264
str_location_county,RunnelsCounty,TX,untl_decade,1950-1959,360
str_location_county,RunnelsCounty,TX,untl_decade,1960-1969,425
str_location_county,RunnelsCounty,TX,untl_decade,1970-1979,104
str_location_county,RunnelsCounty,TX,untl_decade,2010-2019,27
str_location_county,RuskCounty,TX,untl_decade,1850-1859,6
str_location_county,RuskCounty,TX,untl_decade,1860-1869,13
str_location_county,RuskCounty,TX,untl_decade,1870-1879,1
str_location_county,RuskCounty,TX,untl_decade,1880-1889,14
str_location_county,RuskCounty,TX,untl_decade,1890-1899,51
str_location_county,RuskCounty,TX,untl_decade,1900-1909,26
str_location_county,RuskCounty,TX,untl_decade,1930-1939,2422
str_location_county,RuskCounty,TX,untl_decade,2010-2019,1233
str_location_county,RuskCounty,TX,untl_decade,2020-2029,8
str_location_county,SanAugustineCounty,TX,untl_decade,1840-1849,41
str_location_county,SanAugustineCounty,TX,untl_decade,1850-1859,96
str_location_county,SanAugustineCounty,TX,untl_decade,1860-1869,1
str_location_county,SanAugustineCounty,TX,untl_decade,1880-1889,2
str_location_county,SanAugustineCounty,TX,untl_decade,1890-1899,3
str_location_county,SanAugustineCounty,TX,untl_decade,1900-1909,1
str_location_county,SanAugustineCounty,TX,untl_decade,1910-1919,10
str_location_county,SanAugustineCounty,TX,untl_decade,1920-1929,1
str_location_county,SanPatricioCounty,TX,untl_decade,1890-1899,36
str_location_county,SanPatricioCounty,TX,untl_decade,1900-1909,60
str_location_county,SanPatricioCounty,TX,untl_decade,1910-1919,1004
str_location_county,SanPatricioCounty,TX,untl_decade,1920-1929,1366
str_location_county,SanPatricioCounty,TX,untl_decade,1930-1939,1421
str_location_county,SanPatricioCounty,TX,untl_decade,1940-1949,1645
str_location_county,SanPatricioCounty,TX,untl_decade,1950-1959,1515
str_location_county,SanPatricioCounty,TX,untl_decade,1960-1969,1452
str_location_county,SanPatricioCounty,TX,untl_decade,1970-1979,1906
str_location_county,SanPatricioCounty,TX,untl_decade,1980-1989,1291
str_location_county,SanPatricioCounty,TX,untl_decade,1990-1999,905
str_location_county,SanPatricioCounty,TX,untl_decade,2000-2009,343
str_location_county,SanPatricioCounty,TX,untl_decade,2010-2019,427
str_location_county,SanSabaCounty,TX,untl_decade,1870-1879,2
str_location_county,SanSabaCounty,TX,untl_decade,1880-1889,215
str_location_county,SanSabaCounty,TX,untl_decade,1890-1899,163
str_location_county,SchleicherCounty,TX,untl_decade,1910-1919,235
str_location_county,SchleicherCounty,TX,untl_decade,1920-1929,110
str_location_county,ScurryCounty,TX,untl_decade,1900-1909,80
str_location_county,ScurryCounty,TX,untl_decade,1910-1919,381
str_location_county,ScurryCounty,TX,untl_decade,1920-1929,99
str_location_county,ScurryCounty,TX,untl_decade,1930-1939,1
str_location_county,ScurryCounty,TX,untl_decade,1970-1979,98
str_location_county,ScurryCounty,TX,untl_decade,1980-1989,41
str_location_county,ShackelfordCounty,TX,untl_decade,1870-1879,49
str_location_county,ShackelfordCounty,TX,untl_decade,1880-1889,430
str_location_county,ShackelfordCounty,TX,untl_decade,1890-1899,457
str_location_county,ShackelfordCounty,TX,untl_decade,1900-1909,469
str_location_county,ShackelfordCounty,TX,untl_decade,1910-1919,434
str_location_county,ShackelfordCounty,TX,untl_decade,1920-1929,441
str_location_county,ShackelfordCounty,TX,untl_decade,1930-1939,522
str_location_county,ShackelfordCounty,TX,untl_decade,1940-1949,702
str_location_county,ShackelfordCounty,TX,untl_decade,1950-1959,519
str_location_county,ShackelfordCounty,TX,untl_decade,1960-1969,514
str_location_county,ShackelfordCounty,TX,untl_decade,1970-1979,513
str_location_county,ShackelfordCounty,TX,untl_decade,1980-1989,520
str_location_county,ShackelfordCounty,TX,untl_decade,1990-1999,538
str_location_county,ShackelfordCounty,TX,untl_decade,2000-2009,538
str_location_county,ShackelfordCounty,TX,untl_decade,2010-2019,206
str_location_county,ShelbyCounty,TX,untl_decade,1880-1889,1
str_location_county,ShelbyCounty,TX,untl_decade,1890-1899,1
str_location_county,ShelbyCounty,TX,untl_decade,1900-1909,9
str_location_county,ShelbyCounty,TX,untl_decade,1910-1919,186
str_location_county,ShelbyCounty,TX,untl_decade,1920-1929,554
str_location_county,ShelbyCounty,TX,untl_decade,1930-1939,2428
str_location_county,ShelbyCounty,TX,untl_decade,1940-1949,1906
str_location_county,ShelbyCounty,TX,untl_decade,1950-1959,521
str_location_county,ShelbyCounty,TX,untl_decade,1960-1969,519
str_location_county,ShelbyCounty,TX,untl_decade,1980-1989,154
str_location_county,ShelbyCounty,TX,untl_decade,2000-2009,452
str_location_county,ShelbyCounty,TX,untl_decade,2010-2019,654
str_location_county,ShermanCounty,TX,untl_decade,1910-1919,4
str_location_county,SmithCounty,TX,untl_decade,1850-1859,3
str_location_county,SmithCounty,TX,untl_decade,1860-1869,15
str_location_county,SmithCounty,TX,untl_decade,1880-1889,2
str_location_county,SmithCounty,TX,untl_decade,1900-1909,44
str_location_county,SmithCounty,TX,untl_decade,1910-1919,107
str_location_county,SmithCounty,TX,untl_decade,1920-1929,253
str_location_county,SmithCounty,TX,untl_decade,1930-1939,485
str_location_county,SmithCounty,TX,untl_decade,1960-1969,1
str_location_county,SmithCounty,TX,untl_decade,1970-1979,57
str_location_county,SmithCounty,TX,untl_decade,1980-1989,9
str_location_county,SmithCounty,TX,untl_decade,1990-1999,158
str_location_county,StarrCounty,TX,untl_decade,1970-1979,411
str_location_county,StarrCounty,TX,untl_decade,1980-1989,470
str_location_county,StarrCounty,TX,untl_decade,1990-1999,519
str_location_county,StarrCounty,TX,untl_decade,2000-2009,470
str_location_county,StarrCounty,TX,untl_decade,2010-2019,17
str_location_county,StephensCounty,TX,untl_decade,1920-1929,2902
str_location_county,StephensCounty,TX,untl_decade,1930-1939,3671
str_location_county,StephensCounty,TX,untl_decade,1940-1949,2734
str_location_county,StephensCounty,TX,untl_decade,1950-1959,2417
str_location_county,StephensCounty,TX,untl_decade,1960-1969,190
str_location_county,StonewallCounty,TX,untl_decade,1900-1909,91
str_location_county,StonewallCounty,TX,untl_decade,1910-1919,334
str_location_county,StonewallCounty,TX,untl_decade,1920-1929,509
str_location_county,StonewallCounty,TX,untl_decade,1930-1939,426
str_location_county,StonewallCounty,TX,untl_decade,1940-1949,307
str_location_county,StonewallCounty,TX,untl_decade,1950-1959,479
str_location_county,StonewallCounty,TX,untl_decade,1960-1969,525
str_location_county,StonewallCounty,TX,untl_decade,1970-1979,311
str_location_county,StonewallCounty,TX,untl_decade,2010-2019,101
str_location_county,SuttonCounty,TX,untl_decade,1900-1909,246
str_location_county,SuttonCounty,TX,untl_decade,1910-1919,2
str_location_county,SuttonCounty,TX,untl_decade,1920-1929,240
str_location_county,SuttonCounty,TX,untl_decade,1930-1939,28
str_location_county,SwisherCounty,TX,untl_decade,1910-1919,99
str_location_county,SwisherCounty,TX,untl_decade,1920-1929,456
str_location_county,SwisherCounty,TX,untl_decade,1930-1939,519
str_location_county,SwisherCounty,TX,untl_decade,1940-1949,407
str_location_county,SwisherCounty,TX,untl_decade,1950-1959,326
str_location_county,SwisherCounty,TX,untl_decade,1960-1969,367
str_location_county,SwisherCounty,TX,untl_decade,1970-1979,522
str_location_county,SwisherCounty,TX,untl_decade,1980-1989,482
str_location_county,SwisherCounty,TX,untl_decade,1990-1999,516
str_location_county,SwisherCounty,TX,untl_decade,2000-2009,489
str_location_county,SwisherCounty,TX,untl_decade,2010-2019,496
str_location_county,SwisherCounty,TX,untl_decade,2020-2029,58
str_location_county,TarrantCounty,TX,untl_decade,1870-1879,1532
str_location_county,TarrantCounty,TX,untl_decade,1880-1889,2833
str_location_county,TarrantCounty,TX,untl_decade,1890-1899,2048
str_location_county,TarrantCounty,TX,untl_decade,1900-1909,564
str_location_county,TarrantCounty,TX,untl_decade,1910-1919,788
str_location_county,TarrantCounty,TX,untl_decade,1920-1929,522
str_location_county,TarrantCounty,TX,untl_decade,1930-1939,202
str_location_county,TarrantCounty,TX,untl_decade,1940-1949,150
str_location_county,TarrantCounty,TX,untl_decade,1950-1959,716
str_location_county,TarrantCounty,TX,untl_decade,1960-1969,804
str_location_county,TarrantCounty,TX,untl_decade,1970-1979,664
str_location_county,TarrantCounty,TX,untl_decade,1980-1989,714
str_location_county,TarrantCounty,TX,untl_decade,1990-1999,1014
str_location_county,TarrantCounty,TX,untl_decade,2000-2009,1649
str_location_county,TarrantCounty,TX,untl_decade,2010-2019,945
str_location_county,TaylorCounty,TX,untl_decade,1880-1889,307
str_location_county,TaylorCounty,TX,untl_decade,1890-1899,948
str_location_county,TaylorCounty,TX,untl_decade,1900-1909,1471
str_location_county,TaylorCounty,TX,untl_decade,1910-1919,4035
str_location_county,TaylorCounty,TX,untl_decade,1920-1929,2216
str_location_county,TaylorCounty,TX,untl_decade,1930-1939,946
str_location_county,TaylorCounty,TX,untl_decade,1940-1949,1151
str_location_county,TaylorCounty,TX,untl_decade,1950-1959,1353
str_location_county,TaylorCounty,TX,untl_decade,1960-1969,1640
str_location_county,TaylorCounty,TX,untl_decade,1970-1979,908
str_location_county,TaylorCounty,TX,untl_decade,1980-1989,888
str_location_county,TaylorCounty,TX,untl_decade,1990-1999,879
str_location_county,TaylorCounty,TX,untl_decade,2000-2009,781
str_location_county,TaylorCounty,TX,untl_decade,2010-2019,166
str_location_county,TerrellCounty,TX,untl_decade,1900-1909,120
str_location_county,TerrellCounty,TX,untl_decade,1910-1919,6
str_location_county,TerryCounty,TX,untl_decade,1960-1969,1
str_location_county,ThrockmortonCounty,TX,untl_decade,1930-1939,2
str_location_county,ThrockmortonCounty,TX,untl_decade,1950-1959,7
str_location_county,ThrockmortonCounty,TX,untl_decade,1960-1969,15
str_location_county,ThrockmortonCounty,TX,untl_decade,1970-1979,290
str_location_county,ThrockmortonCounty,TX,untl_decade,1990-1999,47
str_location_county,ThrockmortonCounty,TX,untl_decade,2000-2009,47
str_location_county,TitusCounty,TX,untl_decade,1920-1929,1150
str_location_county,TitusCounty,TX,untl_decade,1930-1939,1930
str_location_county,TitusCounty,TX,untl_decade,1940-1949,260
str_location_county,TitusCounty,TX,untl_decade,1960-1969,1
str_location_county,TitusCounty,TX,untl_decade,1980-1989,45
str_location_county,TitusCounty,TX,untl_decade,1990-1999,110
str_location_county,TomGreenCounty,TX,untl_decade,1900-1909,179
str_location_county,TravisCounty,TX,untl_decade,1830-1839,3
str_location_county,TravisCounty,TX,untl_decade,1840-1849,198
str_location_county,TravisCounty,TX,untl_decade,1850-1859,995
str_location_county,TravisCounty,TX,untl_decade,1860-1869,796
str_location_county,TravisCounty,TX,untl_decade,1870-1879,725
str_location_county,TravisCounty,TX,untl_decade,1880-1889,487
str_location_county,TravisCounty,TX,untl_decade,1890-1899,570
str_location_county,TravisCounty,TX,untl_decade,1900-1909,71
str_location_county,TravisCounty,TX,untl_decade,1910-1919,2
str_location_county,TravisCounty,TX,untl_decade,1920-1929,65
str_location_county,TravisCounty,TX,untl_decade,1930-1939,137
str_location_county,TravisCounty,TX,untl_decade,1940-1949,32
str_location_county,TravisCounty,TX,untl_decade,1960-1969,131
str_location_county,TravisCounty,TX,untl_decade,1970-1979,160
str_location_county,TravisCounty,TX,untl_decade,1980-1989,104
str_location_county,TravisCounty,TX,untl_decade,2000-2009,255
str_location_county,TravisCounty,TX,untl_decade,2010-2019,218
str_location_county,TrinityCounty,TX,untl_decade,1910-1919,4
str_location_county,TrinityCounty,TX,untl_decade,1920-1929,1
str_location_county,UpshurCounty,TX,untl_decade,1860-1869,1
str_location_county,UpshurCounty,TX,untl_decade,1920-1929,1
str_location_county,UpshurCounty,TX,untl_decade,1930-1939,5
str_location_county,UpshurCounty,TX,untl_decade,1940-1949,6
str_location_county,UpshurCounty,TX,untl_decade,1950-1959,5
str_location_county,UpshurCounty,TX,untl_decade,1960-1969,11
str_location_county,UpshurCounty,TX,untl_decade,2010-2019,430
str_location_county,UvaldeCounty,TX,untl_decade,1890-1899,42
str_location_county,UvaldeCounty,TX,untl_decade,1900-1909,33
str_location_county,UvaldeCounty,TX,untl_decade,1910-1919,15
str_location_county,UvaldeCounty,TX,untl_decade,1920-1929,1
str_location_county,ValVerdeCounty,TX,untl_decade,1880-1889,1
str_location_county,ValVerdeCounty,TX,untl_decade,1890-1899,4
str_location_county,ValVerdeCounty,TX,untl_decade,1900-1909,140
str_location_county,ValVerdeCounty,TX,untl_decade,1910-1919,10
str_location_county,VanZandtCounty,TX,untl_decade,1880-1889,461
str_location_county,VanZandtCounty,TX,untl_decade,1890-1899,622
str_location_county,VanZandtCounty,TX,untl_decade,1900-1909,212
str_location_county,VanZandtCounty,TX,untl_decade,1910-1919,266
str_location_county,VanZandtCounty,TX,untl_decade,1920-1929,298
str_location_county,VanZandtCounty,TX,untl_decade,1930-1939,531
str_location_county,VanZandtCounty,TX,untl_decade,1940-1949,403
str_location_county,VanZandtCounty,TX,untl_decade,1950-1959,200
str_location_county,VanZandtCounty,TX,untl_decade,1980-1989,157
str_location_county,VanZandtCounty,TX,untl_decade,2010-2019,268
str_location_county,VictoriaCounty,TX,untl_decade,1840-1849,11
str_location_county,VictoriaCounty,TX,untl_decade,1850-1859,44
str_location_county,VictoriaCounty,TX,untl_decade,1860-1869,6
str_location_county,VictoriaCounty,TX,untl_decade,1870-1879,21
str_location_county,VictoriaCounty,TX,untl_decade,1880-1889,9
str_location_county,VictoriaCounty,TX,untl_decade,1890-1899,4
str_location_county,VictoriaCounty,TX,untl_decade,1900-1909,20
str_location_county,VictoriaCounty,TX,untl_decade,1910-1919,5
str_location_county,VictoriaCounty,TX,untl_decade,1920-1929,3
str_location_county,VictoriaCounty,TX,untl_decade,1980-1989,1
str_location_county,WalkerCounty,TX,untl_decade,1840-1849,4
str_location_county,WalkerCounty,TX,untl_decade,1850-1859,14
str_location_county,WalkerCounty,TX,untl_decade,1860-1869,5
str_location_county,WalkerCounty,TX,untl_decade,1870-1879,2
str_location_county,WalkerCounty,TX,untl_decade,1900-1909,5
str_location_county,WalkerCounty,TX,untl_decade,1930-1939,1
str_location_county,WalkerCounty,TX,untl_decade,1940-1949,4
str_location_county,WalkerCounty,TX,untl_decade,2010-2019,11
str_location_county,WallerCounty,TX,untl_decade,1850-1859,2
str_location_county,WallerCounty,TX,untl_decade,1860-1869,79
str_location_county,WallerCounty,TX,untl_decade,1880-1889,9
str_location_county,WallerCounty,TX,untl_decade,1910-1919,1
str_location_county,WallerCounty,TX,untl_decade,1920-1929,2
str_location_county,WashingtonCounty,TX,untl_decade,1840-1849,69
str_location_county,WashingtonCounty,TX,untl_decade,1850-1859,238
str_location_county,WashingtonCounty,TX,untl_decade,1860-1869,5
str_location_county,WashingtonCounty,TX,untl_decade,1870-1879,847
str_location_county,WashingtonCounty,TX,untl_decade,1880-1889,3064
str_location_county,WashingtonCounty,TX,untl_decade,1890-1899,2387
str_location_county,WashingtonCounty,TX,untl_decade,1900-1909,1695
str_location_county,WashingtonCounty,TX,untl_decade,1910-1919,2243
str_location_county,WashingtonCounty,TX,untl_decade,1920-1929,2142
str_location_county,WashingtonCounty,TX,untl_decade,1930-1939,3064
str_location_county,WashingtonCounty,TX,untl_decade,1940-1949,914
str_location_county,WashingtonCounty,TX,untl_decade,1950-1959,254
str_location_county,WebbCounty,TX,untl_decade,1900-1909,244
str_location_county,WebbCounty,TX,untl_decade,1910-1919,148
str_location_county,WhartonCounty,TX,untl_decade,1900-1909,45
str_location_county,WhartonCounty,TX,untl_decade,1910-1919,344
str_location_county,WhartonCounty,TX,untl_decade,1920-1929,221
str_location_county,WhartonCounty,TX,untl_decade,1930-1939,1
str_location_county,WhartonCounty,TX,untl_decade,1950-1959,1
str_location_county,WhartonCounty,TX,untl_decade,1980-1989,380
str_location_county,WhartonCounty,TX,untl_decade,2010-2019,290
str_location_county,WheelerCounty,TX,untl_decade,1900-1909,2
str_location_county,WheelerCounty,TX,untl_decade,1920-1929,362
str_location_county,WheelerCounty,TX,untl_decade,1930-1939,1906
str_location_county,WheelerCounty,TX,untl_decade,1940-1949,631
str_location_county,WheelerCounty,TX,untl_decade,1950-1959,313
str_location_county,WheelerCounty,TX,untl_decade,1960-1969,339
str_location_county,WichitaCounty,TX,untl_decade,1910-1919,287
str_location_county,WichitaCounty,TX,untl_decade,1920-1929,444
str_location_county,WichitaCounty,TX,untl_decade,1930-1939,357
str_location_county,WichitaCounty,TX,untl_decade,1940-1949,509
str_location_county,WichitaCounty,TX,untl_decade,1950-1959,501
str_location_county,WichitaCounty,TX,untl_decade,1960-1969,558
str_location_county,WichitaCounty,TX,untl_decade,1970-1979,521
str_location_county,WichitaCounty,TX,untl_decade,1980-1989,517
str_location_county,WichitaCounty,TX,untl_decade,1990-1999,622
str_location_county,WichitaCounty,TX,untl_decade,2000-2009,507
str_location_county,WichitaCounty,TX,untl_decade,2010-2019,255
str_location_county,WilbargerCounty,TX,untl_decade,1890-1899,2
str_location_county,WilbargerCounty,TX,untl_decade,1900-1909,4
str_location_county,WilbargerCounty,TX,untl_decade,1910-1919,129
str_location_county,WillacyCounty,TX,untl_decade,1860-1869,3
str_location_county,WillacyCounty,TX,untl_decade,1920-1929,140
str_location_county,WillacyCounty,TX,untl_decade,1930-1939,13
str_location_county,WillacyCounty,TX,untl_decade,1940-1949,22
str_location_county,WillacyCounty,TX,untl_decade,1950-1959,47
str_location_county,WilliamsonCounty,TX,untl_decade,1860-1869,14
str_location_county,WilliamsonCounty,TX,untl_decade,1870-1879,13
str_location_county,WilliamsonCounty,TX,untl_decade,1890-1899,1
str_location_county,WilliamsonCounty,TX,untl_decade,1900-1909,288
str_location_county,WilliamsonCounty,TX,untl_decade,1910-1919,638
str_location_county,WilliamsonCounty,TX,untl_decade,1920-1929,911
str_location_county,WilliamsonCounty,TX,untl_decade,1930-1939,480
str_location_county,WilliamsonCounty,TX,untl_decade,1940-1949,847
str_location_county,WilliamsonCounty,TX,untl_decade,1950-1959,800
str_location_county,WilliamsonCounty,TX,untl_decade,1960-1969,1571
str_location_county,WilliamsonCounty,TX,untl_decade,1970-1979,645
str_location_county,WilliamsonCounty,TX,untl_decade,1980-1989,169
str_location_county,WilliamsonCounty,TX,untl_decade,1990-1999,166
str_location_county,WilliamsonCounty,TX,untl_decade,2000-2009,170
str_location_county,WilliamsonCounty,TX,untl_decade,2010-2019,60
str_location_county,WilsonCounty,TX,untl_decade,1910-1919,10
str_location_county,WinklerCounty,TX,untl_decade,1940-1949,181
str_location_county,WinklerCounty,TX,untl_decade,1950-1959,40
str_location_county,WinklerCounty,TX,untl_decade,1960-1969,936
str_location_county,WinklerCounty,TX,untl_decade,1970-1979,1024
str_location_county,WinklerCounty,TX,untl_decade,2010-2019,170
str_location_county,WiseCounty,TX,untl_decade,1890-1899,51
str_location_county,WiseCounty,TX,untl_decade,1900-1909,147
str_location_county,WiseCounty,TX,untl_decade,1910-1919,1
str_location_county,WiseCounty,TX,untl_decade,1920-1929,186
str_location_county,WiseCounty,TX,untl_decade,1930-1939,102
str_location_county,WiseCounty,TX,untl_decade,1960-1969,2
str_location_county,WoodCounty,TX,untl_decade,1880-1889,61
str_location_county,WoodCounty,TX,untl_decade,1890-1899,2
str_location_county,WoodCounty,TX,untl_decade,1900-1909,31
str_location_county,WoodCounty,TX,untl_decade,1920-1929,515
str_location_county,WoodCounty,TX,untl_decade,1930-1939,175
str_location_county,WoodCounty,TX,untl_decade,1940-1949,736
str_location_county,WoodCounty,TX,untl_decade,1950-1959,473
str_location_county,WoodCounty,TX,untl_decade,1960-1969,175
str_location_county,WoodCounty,TX,untl_decade,1970-1979,50
str_location_county,WoodCounty,TX,untl_decade,2010-2019,195
str_location_county,YoungCounty,TX,untl_decade,1870-1879,171
str_location_county,YoungCounty,TX,untl_decade,1880-1889,491
str_location_county,YoungCounty,TX,untl_decade,1890-1899,124
str_location_county,YoungCounty,TX,untl_decade,1900-1909,505
str_location_county,YoungCounty,TX,untl_decade,1910-1919,583
str_location_county,YoungCounty,TX,untl_decade,1920-1929,677
str_location_county,YoungCounty,TX,untl_decade,1930-1939,1884
str_location_county,YoungCounty,TX,untl_decade,1940-1949,1336
str_location_county,YoungCounty,TX,untl_decade,1950-1959,366
str_location_county,YoungCounty,TX,untl_decade,1960-1969,345
str_location_county,YoungCounty,TX,untl_decade,1990-1999,156
str_location_county,YoungCounty,TX,untl_decade,2010-2019,1102
str_location_county,YoungCounty,TX,untl_decade,2020-2029,114
str_location_county,ZapataCounty,TX,untl_decade,1900-1909,5
str_location_county,ZapataCounty,TX,untl_decade,1910-1919,1
str_location_county,ZavalaCounty,TX,untl_decade,1900-1909,261
str_location_county,ZavalaCounty,TX,untl_decade,1910-1919,143
str_location_county,ZavalaCounty,TX,untl_decade,1920-1929,166
str_location_county,ZavalaCounty,TX,untl_decade,1930-1939,266
str_location_county,ZavalaCounty,TX,untl_decade,1940-1949,360
str_location_county,ZavalaCounty,TX,untl_decade,1950-1959,140
